2025-11-02 11:20:31,832 - INFO - trump:146 - 历史记录文件不存在，创建新文件
2025-11-02 11:20:31,832 - INFO - trump:196 - 缓存文件不存在
2025-11-02 11:20:31,832 - INFO - trump:138 - 缓存文件不存在，创建空缓存文件
2025-11-02 11:20:31,832 - INFO - trump:939 - 开始监控: https://trumpstruth.org/feed
2025-11-02 11:20:40,430 - INFO - trump:341 - 成功提取81篇有效文章（已过滤短内容）
2025-11-02 11:20:40,432 - INFO - trump:930 - 无新文章，使用现有缓存
2025-11-02 11:20:40,432 - INFO - trump:943 - 等待600秒后再次检查...
2025-11-02 11:23:08,821 - INFO - trump:939 - 开始监控: https://trumpstruth.org/feed
2025-11-02 11:23:10,099 - INFO - trump:341 - 成功提取81篇有效文章（已过滤短内容）
2025-11-02 11:23:10,100 - INFO - trump:930 - 无新文章，使用现有缓存
2025-11-02 11:23:10,100 - INFO - trump:943 - 等待600秒后再次检查...
2025-11-02 11:24:49,866 - INFO - trump:939 - 开始监控: https://trumpstruth.org/feed
2025-11-02 11:24:52,739 - INFO - trump:341 - 成功提取81篇有效文章（已过滤短内容）
2025-11-02 11:24:52,741 - INFO - trump:930 - 无新文章，使用现有缓存
2025-11-02 11:24:52,741 - INFO - trump:943 - 等待600秒后再次检查...
2025-11-02 11:34:53,829 - INFO - trump:341 - 成功提取81篇有效文章（已过滤短内容）
2025-11-02 11:34:53,831 - INFO - trump:930 - 无新文章，使用现有缓存
2025-11-02 11:34:53,831 - INFO - trump:943 - 等待600秒后再次检查...
2025-11-02 11:44:55,812 - INFO - trump:341 - 成功提取81篇有效文章（已过滤短内容）
2025-11-02 11:44:55,814 - INFO - trump:930 - 无新文章，使用现有缓存
2025-11-02 11:44:55,814 - INFO - trump:943 - 等待600秒后再次检查...
2025-11-02 11:54:56,851 - INFO - trump:341 - 成功提取81篇有效文章（已过滤短内容）
2025-11-02 11:54:56,853 - INFO - trump:930 - 无新文章，使用现有缓存
2025-11-02 11:54:56,853 - INFO - trump:943 - 等待600秒后再次检查...
2025-11-02 12:04:58,246 - INFO - trump:341 - 成功提取81篇有效文章（已过滤短内容）
2025-11-02 12:04:58,247 - INFO - trump:930 - 无新文章，使用现有缓存
2025-11-02 12:04:58,247 - INFO - trump:943 - 等待600秒后再次检查...
2025-11-02 12:14:59,317 - INFO - trump:341 - 成功提取81篇有效文章（已过滤短内容）
2025-11-02 12:14:59,319 - INFO - trump:930 - 无新文章，使用现有缓存
2025-11-02 12:14:59,319 - INFO - trump:943 - 等待600秒后再次检查...
2025-11-02 12:25:01,022 - INFO - trump:341 - 成功提取81篇有效文章（已过滤短内容）
2025-11-02 12:25:01,024 - INFO - trump:930 - 无新文章，使用现有缓存
2025-11-02 12:25:01,024 - INFO - trump:943 - 等待600秒后再次检查...
2025-11-02 12:35:02,036 - INFO - trump:341 - 成功提取81篇有效文章（已过滤短内容）
2025-11-02 12:35:02,038 - INFO - trump:930 - 无新文章，使用现有缓存
2025-11-02 12:35:02,038 - INFO - trump:943 - 等待600秒后再次检查...
2025-11-02 12:45:03,271 - INFO - trump:341 - 成功提取81篇有效文章（已过滤短内容）
2025-11-02 12:45:03,273 - INFO - trump:930 - 无新文章，使用现有缓存
2025-11-02 12:45:03,273 - INFO - trump:943 - 等待600秒后再次检查...
2025-11-02 12:55:05,830 - INFO - trump:341 - 成功提取81篇有效文章（已过滤短内容）
2025-11-02 12:55:05,831 - INFO - trump:930 - 无新文章，使用现有缓存
2025-11-02 12:55:05,832 - INFO - trump:943 - 等待600秒后再次检查...
2025-11-02 13:05:08,755 - INFO - trump:341 - 成功提取81篇有效文章（已过滤短内容）
2025-11-02 13:05:08,757 - INFO - trump:930 - 无新文章，使用现有缓存
2025-11-02 13:05:08,757 - INFO - trump:943 - 等待600秒后再次检查...
2025-11-02 13:15:09,829 - INFO - trump:341 - 成功提取81篇有效文章（已过滤短内容）
2025-11-02 13:15:09,830 - INFO - trump:820 - 发现1篇新文章，进行合并分析...
2025-11-02 13:15:14,910 - INFO - trump:188 - 市场数据历史记录已保存
2025-11-02 13:15:40,281 - INFO - trump:244 - 合并结果已缓存到本地文件
2025-11-02 13:15:44,149 - INFO - trump:807 - 合并分析邮件发送成功！收件人：aaroncheungzy@icloud.com, wenhua.Z@foxmail.com
2025-11-02 13:15:44,150 - INFO - trump:943 - 等待600秒后再次检查...
2025-11-02 13:25:49,410 - WARNING - connectionpool:868 - Retrying (Retry(total=2, connect=None, read=None, redirect=None, status=None)) after connection broken by 'ConnectionResetError(54, 'Connection reset by peer')': /feed
2025-11-02 13:25:56,485 - WARNING - connectionpool:868 - Retrying (Retry(total=1, connect=None, read=None, redirect=None, status=None)) after connection broken by 'ConnectionResetError(54, 'Connection reset by peer')': /feed
2025-11-02 13:26:00,541 - INFO - trump:341 - 成功提取81篇有效文章（已过滤短内容）
2025-11-02 13:26:00,542 - INFO - trump:930 - 无新文章，使用现有缓存
2025-11-02 13:26:00,542 - INFO - trump:943 - 等待600秒后再次检查...
2025-11-02 13:36:04,261 - INFO - trump:341 - 成功提取81篇有效文章（已过滤短内容）
2025-11-02 13:36:04,263 - INFO - trump:930 - 无新文章，使用现有缓存
2025-11-02 13:36:04,263 - INFO - trump:943 - 等待600秒后再次检查...
2025-11-02 13:46:07,155 - INFO - trump:341 - 成功提取81篇有效文章（已过滤短内容）
2025-11-02 13:46:07,157 - INFO - trump:930 - 无新文章，使用现有缓存
2025-11-02 13:46:07,157 - INFO - trump:943 - 等待600秒后再次检查...
2025-11-02 13:56:17,557 - INFO - trump:341 - 成功提取81篇有效文章（已过滤短内容）
2025-11-02 13:56:17,560 - INFO - trump:930 - 无新文章，使用现有缓存
2025-11-02 13:56:17,560 - INFO - trump:943 - 等待600秒后再次检查...
2025-11-02 14:06:20,094 - INFO - trump:341 - 成功提取81篇有效文章（已过滤短内容）
2025-11-02 14:06:20,096 - INFO - trump:930 - 无新文章，使用现有缓存
2025-11-02 14:06:20,096 - INFO - trump:943 - 等待600秒后再次检查...
2025-11-02 14:16:20,184 - INFO - trump:341 - 成功提取81篇有效文章（已过滤短内容）
2025-11-02 14:16:20,187 - INFO - trump:930 - 无新文章，使用现有缓存
2025-11-02 14:16:20,187 - INFO - trump:943 - 等待600秒后再次检查...
2025-11-02 14:26:25,295 - INFO - trump:341 - 成功提取81篇有效文章（已过滤短内容）
2025-11-02 14:26:25,299 - INFO - trump:930 - 无新文章，使用现有缓存
2025-11-02 14:26:25,299 - INFO - trump:943 - 等待600秒后再次检查...
2025-11-02 14:36:29,037 - INFO - trump:341 - 成功提取81篇有效文章（已过滤短内容）
2025-11-02 14:36:29,039 - INFO - trump:930 - 无新文章，使用现有缓存
2025-11-02 14:36:29,039 - INFO - trump:943 - 等待600秒后再次检查...
2025-11-02 14:46:31,176 - INFO - trump:341 - 成功提取81篇有效文章（已过滤短内容）
2025-11-02 14:46:31,179 - INFO - trump:930 - 无新文章，使用现有缓存
2025-11-02 14:46:31,179 - INFO - trump:943 - 等待600秒后再次检查...
2025-11-02 14:56:34,500 - INFO - trump:341 - 成功提取81篇有效文章（已过滤短内容）
2025-11-02 14:56:34,502 - INFO - trump:930 - 无新文章，使用现有缓存
2025-11-02 14:56:34,502 - INFO - trump:943 - 等待600秒后再次检查...
2025-11-02 15:06:35,908 - INFO - trump:341 - 成功提取81篇有效文章（已过滤短内容）
2025-11-02 15:06:35,910 - INFO - trump:930 - 无新文章，使用现有缓存
2025-11-02 15:06:35,910 - INFO - trump:943 - 等待600秒后再次检查...
2025-11-02 15:16:37,672 - INFO - trump:341 - 成功提取81篇有效文章（已过滤短内容）
2025-11-02 15:16:37,674 - INFO - trump:930 - 无新文章，使用现有缓存
2025-11-02 15:16:37,674 - INFO - trump:943 - 等待600秒后再次检查...
2025-11-02 15:26:39,680 - INFO - trump:341 - 成功提取81篇有效文章（已过滤短内容）
2025-11-02 15:26:39,682 - INFO - trump:930 - 无新文章，使用现有缓存
2025-11-02 15:26:39,682 - INFO - trump:943 - 等待600秒后再次检查...
2025-11-02 15:36:41,663 - INFO - trump:341 - 成功提取81篇有效文章（已过滤短内容）
2025-11-02 15:36:41,665 - INFO - trump:930 - 无新文章，使用现有缓存
2025-11-02 15:36:41,665 - INFO - trump:943 - 等待600秒后再次检查...
2025-11-02 15:46:43,219 - INFO - trump:341 - 成功提取81篇有效文章（已过滤短内容）
2025-11-02 15:46:43,220 - INFO - trump:930 - 无新文章，使用现有缓存
2025-11-02 15:46:43,220 - INFO - trump:943 - 等待600秒后再次检查...
2025-11-02 15:56:51,079 - INFO - trump:341 - 成功提取81篇有效文章（已过滤短内容）
2025-11-02 15:56:51,082 - INFO - trump:930 - 无新文章，使用现有缓存
2025-11-02 15:56:51,082 - INFO - trump:943 - 等待600秒后再次检查...
2025-11-02 16:06:57,051 - INFO - trump:341 - 成功提取81篇有效文章（已过滤短内容）
2025-11-02 16:06:57,054 - INFO - trump:930 - 无新文章，使用现有缓存
2025-11-02 16:06:57,054 - INFO - trump:943 - 等待600秒后再次检查...
2025-11-02 16:16:58,278 - INFO - trump:341 - 成功提取81篇有效文章（已过滤短内容）
2025-11-02 16:16:58,280 - INFO - trump:930 - 无新文章，使用现有缓存
2025-11-02 16:16:58,280 - INFO - trump:943 - 等待600秒后再次检查...
2025-11-02 16:27:00,653 - INFO - trump:341 - 成功提取81篇有效文章（已过滤短内容）
2025-11-02 16:27:00,654 - INFO - trump:930 - 无新文章，使用现有缓存
2025-11-02 16:27:00,654 - INFO - trump:943 - 等待600秒后再次检查...
2025-11-02 16:37:05,854 - INFO - trump:341 - 成功提取81篇有效文章（已过滤短内容）
2025-11-02 16:37:05,856 - INFO - trump:930 - 无新文章，使用现有缓存
2025-11-02 16:37:05,856 - INFO - trump:943 - 等待600秒后再次检查...
2025-11-02 16:47:07,282 - INFO - trump:341 - 成功提取81篇有效文章（已过滤短内容）
2025-11-02 16:47:07,284 - INFO - trump:930 - 无新文章，使用现有缓存
2025-11-02 16:47:07,284 - INFO - trump:943 - 等待600秒后再次检查...
2025-11-02 16:57:11,934 - INFO - trump:341 - 成功提取81篇有效文章（已过滤短内容）
2025-11-02 16:57:11,936 - INFO - trump:930 - 无新文章，使用现有缓存
2025-11-02 16:57:11,936 - INFO - trump:943 - 等待600秒后再次检查...
2025-11-02 17:07:13,980 - INFO - trump:341 - 成功提取81篇有效文章（已过滤短内容）
2025-11-02 17:07:13,981 - INFO - trump:930 - 无新文章，使用现有缓存
2025-11-02 17:07:13,981 - INFO - trump:943 - 等待600秒后再次检查...
2025-11-02 17:17:15,792 - INFO - trump:341 - 成功提取81篇有效文章（已过滤短内容）
2025-11-02 17:17:15,794 - INFO - trump:930 - 无新文章，使用现有缓存
2025-11-02 17:17:15,794 - INFO - trump:943 - 等待600秒后再次检查...
2025-11-02 17:27:17,095 - INFO - trump:341 - 成功提取81篇有效文章（已过滤短内容）
2025-11-02 17:27:17,097 - INFO - trump:930 - 无新文章，使用现有缓存
2025-11-02 17:27:17,097 - INFO - trump:943 - 等待600秒后再次检查...
2025-11-02 17:37:21,909 - INFO - trump:341 - 成功提取81篇有效文章（已过滤短内容）
2025-11-02 17:37:21,911 - INFO - trump:930 - 无新文章，使用现有缓存
2025-11-02 17:37:21,911 - INFO - trump:943 - 等待600秒后再次检查...
2025-11-02 17:47:22,593 - INFO - trump:341 - 成功提取81篇有效文章（已过滤短内容）
2025-11-02 17:47:22,595 - INFO - trump:930 - 无新文章，使用现有缓存
2025-11-02 17:47:22,595 - INFO - trump:943 - 等待600秒后再次检查...
2025-11-02 17:57:23,391 - INFO - trump:341 - 成功提取81篇有效文章（已过滤短内容）
2025-11-02 17:57:23,392 - INFO - trump:930 - 无新文章，使用现有缓存
2025-11-02 17:57:23,392 - INFO - trump:943 - 等待600秒后再次检查...
2025-11-02 18:07:24,016 - INFO - trump:341 - 成功提取81篇有效文章（已过滤短内容）
2025-11-02 18:07:24,018 - INFO - trump:930 - 无新文章，使用现有缓存
2025-11-02 18:07:24,018 - INFO - trump:943 - 等待600秒后再次检查...
2025-11-02 18:17:24,661 - INFO - trump:341 - 成功提取81篇有效文章（已过滤短内容）
2025-11-02 18:17:24,663 - INFO - trump:930 - 无新文章，使用现有缓存
2025-11-02 18:17:24,663 - INFO - trump:943 - 等待600秒后再次检查...
2025-11-02 18:27:25,345 - INFO - trump:341 - 成功提取81篇有效文章（已过滤短内容）
2025-11-02 18:27:25,347 - INFO - trump:930 - 无新文章，使用现有缓存
2025-11-02 18:27:25,347 - INFO - trump:943 - 等待600秒后再次检查...
2025-11-02 18:37:26,132 - INFO - trump:341 - 成功提取81篇有效文章（已过滤短内容）
2025-11-02 18:37:26,134 - INFO - trump:930 - 无新文章，使用现有缓存
2025-11-02 18:37:26,134 - INFO - trump:943 - 等待600秒后再次检查...
2025-11-02 18:47:27,024 - INFO - trump:341 - 成功提取81篇有效文章（已过滤短内容）
2025-11-02 18:47:27,026 - INFO - trump:930 - 无新文章，使用现有缓存
2025-11-02 18:47:27,027 - INFO - trump:943 - 等待600秒后再次检查...
2025-11-02 18:57:31,971 - WARNING - connectionpool:868 - Retrying (Retry(total=2, connect=None, read=None, redirect=None, status=None)) after connection broken by 'ConnectionResetError(54, 'Connection reset by peer')': /feed
2025-11-02 18:57:32,713 - INFO - trump:341 - 成功提取81篇有效文章（已过滤短内容）
2025-11-02 18:57:32,715 - INFO - trump:930 - 无新文章，使用现有缓存
2025-11-02 18:57:32,715 - INFO - trump:943 - 等待600秒后再次检查...
2025-11-02 19:07:33,635 - INFO - trump:341 - 成功提取81篇有效文章（已过滤短内容）
2025-11-02 19:07:33,637 - INFO - trump:930 - 无新文章，使用现有缓存
2025-11-02 19:07:33,637 - INFO - trump:943 - 等待600秒后再次检查...
2025-11-02 19:17:34,414 - INFO - trump:341 - 成功提取81篇有效文章（已过滤短内容）
2025-11-02 19:17:34,416 - INFO - trump:930 - 无新文章，使用现有缓存
2025-11-02 19:17:34,416 - INFO - trump:943 - 等待600秒后再次检查...
2025-11-02 19:27:35,360 - INFO - trump:341 - 成功提取81篇有效文章（已过滤短内容）
2025-11-02 19:27:35,362 - INFO - trump:930 - 无新文章，使用现有缓存
2025-11-02 19:27:35,362 - INFO - trump:943 - 等待600秒后再次检查...
2025-11-02 19:37:35,978 - INFO - trump:341 - 成功提取81篇有效文章（已过滤短内容）
2025-11-02 19:37:35,980 - INFO - trump:930 - 无新文章，使用现有缓存
2025-11-02 19:37:35,980 - INFO - trump:943 - 等待600秒后再次检查...
2025-11-02 19:47:36,636 - INFO - trump:341 - 成功提取81篇有效文章（已过滤短内容）
2025-11-02 19:47:36,638 - INFO - trump:930 - 无新文章，使用现有缓存
2025-11-02 19:47:36,638 - INFO - trump:943 - 等待600秒后再次检查...
2025-11-02 19:57:37,324 - INFO - trump:341 - 成功提取81篇有效文章（已过滤短内容）
2025-11-02 19:57:37,326 - INFO - trump:930 - 无新文章，使用现有缓存
2025-11-02 19:57:37,326 - INFO - trump:943 - 等待600秒后再次检查...
2025-11-02 20:07:38,200 - INFO - trump:341 - 成功提取81篇有效文章（已过滤短内容）
2025-11-02 20:07:38,202 - INFO - trump:930 - 无新文章，使用现有缓存
2025-11-02 20:07:38,202 - INFO - trump:943 - 等待600秒后再次检查...
2025-11-02 20:17:35,148 - INFO - trump:341 - 成功提取81篇有效文章（已过滤短内容）
2025-11-02 20:17:35,150 - INFO - trump:930 - 无新文章，使用现有缓存
2025-11-02 20:17:35,150 - INFO - trump:943 - 等待600秒后再次检查...
2025-11-02 20:27:36,597 - INFO - trump:341 - 成功提取81篇有效文章（已过滤短内容）
2025-11-02 20:27:36,598 - INFO - trump:930 - 无新文章，使用现有缓存
2025-11-02 20:27:36,598 - INFO - trump:943 - 等待600秒后再次检查...
2025-11-02 20:37:38,423 - INFO - trump:341 - 成功提取81篇有效文章（已过滤短内容）
2025-11-02 20:37:38,425 - INFO - trump:930 - 无新文章，使用现有缓存
2025-11-02 20:37:38,425 - INFO - trump:943 - 等待600秒后再次检查...
2025-11-02 20:47:39,170 - INFO - trump:341 - 成功提取81篇有效文章（已过滤短内容）
2025-11-02 20:47:39,172 - INFO - trump:930 - 无新文章，使用现有缓存
2025-11-02 20:47:39,172 - INFO - trump:943 - 等待600秒后再次检查...
2025-11-02 20:57:40,291 - INFO - trump:341 - 成功提取81篇有效文章（已过滤短内容）
2025-11-02 20:57:40,293 - INFO - trump:930 - 无新文章，使用现有缓存
2025-11-02 20:57:40,293 - INFO - trump:943 - 等待600秒后再次检查...
2025-11-02 21:07:41,256 - INFO - trump:341 - 成功提取81篇有效文章（已过滤短内容）
2025-11-02 21:07:41,258 - INFO - trump:930 - 无新文章，使用现有缓存
2025-11-02 21:07:41,258 - INFO - trump:943 - 等待600秒后再次检查...
2025-11-02 21:17:42,015 - INFO - trump:341 - 成功提取81篇有效文章（已过滤短内容）
2025-11-02 21:17:42,016 - INFO - trump:930 - 无新文章，使用现有缓存
2025-11-02 21:17:42,016 - INFO - trump:943 - 等待600秒后再次检查...
2025-11-02 21:27:43,343 - INFO - trump:341 - 成功提取81篇有效文章（已过滤短内容）
2025-11-02 21:27:43,345 - INFO - trump:930 - 无新文章，使用现有缓存
2025-11-02 21:27:43,345 - INFO - trump:943 - 等待600秒后再次检查...
2025-11-02 21:37:44,018 - INFO - trump:341 - 成功提取81篇有效文章（已过滤短内容）
2025-11-02 21:37:44,020 - INFO - trump:930 - 无新文章，使用现有缓存
2025-11-02 21:37:44,020 - INFO - trump:943 - 等待600秒后再次检查...
2025-11-02 21:47:44,688 - INFO - trump:341 - 成功提取81篇有效文章（已过滤短内容）
2025-11-02 21:47:44,689 - INFO - trump:930 - 无新文章，使用现有缓存
2025-11-02 21:47:44,689 - INFO - trump:943 - 等待600秒后再次检查...
2025-11-02 21:57:48,350 - INFO - trump:341 - 成功提取81篇有效文章（已过滤短内容）
2025-11-02 21:57:48,352 - INFO - trump:930 - 无新文章，使用现有缓存
2025-11-02 21:57:48,352 - INFO - trump:943 - 等待600秒后再次检查...
2025-11-02 22:07:53,279 - INFO - trump:341 - 成功提取81篇有效文章（已过滤短内容）
2025-11-02 22:07:53,281 - INFO - trump:930 - 无新文章，使用现有缓存
2025-11-02 22:07:53,281 - INFO - trump:943 - 等待600秒后再次检查...
2025-11-02 22:17:53,943 - INFO - trump:341 - 成功提取81篇有效文章（已过滤短内容）
2025-11-02 22:17:53,944 - INFO - trump:930 - 无新文章，使用现有缓存
2025-11-02 22:17:53,944 - INFO - trump:943 - 等待600秒后再次检查...
2025-11-02 22:27:55,572 - INFO - trump:341 - 成功提取81篇有效文章（已过滤短内容）
2025-11-02 22:27:55,574 - INFO - trump:930 - 无新文章，使用现有缓存
2025-11-02 22:27:55,574 - INFO - trump:943 - 等待600秒后再次检查...
2025-11-02 22:37:56,484 - INFO - trump:341 - 成功提取81篇有效文章（已过滤短内容）
2025-11-02 22:37:56,486 - INFO - trump:930 - 无新文章，使用现有缓存
2025-11-02 22:37:56,486 - INFO - trump:943 - 等待600秒后再次检查...
2025-11-02 22:48:01,851 - WARNING - connectionpool:868 - Retrying (Retry(total=2, connect=None, read=None, redirect=None, status=None)) after connection broken by 'ConnectionResetError(54, 'Connection reset by peer')': /feed
2025-11-02 22:48:03,158 - INFO - trump:341 - 成功提取81篇有效文章（已过滤短内容）
2025-11-02 22:48:03,159 - INFO - trump:930 - 无新文章，使用现有缓存
2025-11-02 22:48:03,160 - INFO - trump:943 - 等待600秒后再次检查...
2025-11-02 22:58:04,998 - INFO - trump:341 - 成功提取81篇有效文章（已过滤短内容）
2025-11-02 22:58:04,999 - INFO - trump:930 - 无新文章，使用现有缓存
2025-11-02 22:58:05,000 - INFO - trump:943 - 等待600秒后再次检查...
2025-11-02 23:08:10,155 - WARNING - connectionpool:868 - Retrying (Retry(total=2, connect=None, read=None, redirect=None, status=None)) after connection broken by 'ConnectionResetError(54, 'Connection reset by peer')': /feed
2025-11-02 23:08:12,403 - INFO - trump:341 - 成功提取81篇有效文章（已过滤短内容）
2025-11-02 23:08:12,404 - INFO - trump:930 - 无新文章，使用现有缓存
2025-11-02 23:08:12,404 - INFO - trump:943 - 等待600秒后再次检查...
2025-11-02 23:18:14,570 - INFO - trump:341 - 成功提取81篇有效文章（已过滤短内容）
2025-11-02 23:18:14,571 - INFO - trump:930 - 无新文章，使用现有缓存
2025-11-02 23:18:14,571 - INFO - trump:943 - 等待600秒后再次检查...
2025-11-02 23:28:15,229 - INFO - trump:341 - 成功提取81篇有效文章（已过滤短内容）
2025-11-02 23:28:15,231 - INFO - trump:930 - 无新文章，使用现有缓存
2025-11-02 23:28:15,231 - INFO - trump:943 - 等待600秒后再次检查...
2025-11-02 23:38:16,078 - INFO - trump:341 - 成功提取81篇有效文章（已过滤短内容）
2025-11-02 23:38:16,080 - INFO - trump:930 - 无新文章，使用现有缓存
2025-11-02 23:38:16,080 - INFO - trump:943 - 等待600秒后再次检查...
2025-11-02 23:48:17,116 - INFO - trump:341 - 成功提取81篇有效文章（已过滤短内容）
2025-11-02 23:48:17,117 - INFO - trump:930 - 无新文章，使用现有缓存
2025-11-02 23:48:17,117 - INFO - trump:943 - 等待600秒后再次检查...
2025-11-02 23:58:19,657 - INFO - trump:341 - 成功提取81篇有效文章（已过滤短内容）
2025-11-02 23:58:19,658 - INFO - trump:930 - 无新文章，使用现有缓存
2025-11-02 23:58:19,658 - INFO - trump:943 - 等待600秒后再次检查...
2025-11-03 00:08:19,724 - INFO - trump:341 - 成功提取81篇有效文章（已过滤短内容）
2025-11-03 00:08:19,726 - INFO - trump:930 - 无新文章，使用现有缓存
2025-11-03 00:08:19,726 - INFO - trump:943 - 等待600秒后再次检查...
2025-11-03 00:18:21,732 - INFO - trump:341 - 成功提取81篇有效文章（已过滤短内容）
2025-11-03 00:18:21,734 - INFO - trump:930 - 无新文章，使用现有缓存
2025-11-03 00:18:21,734 - INFO - trump:943 - 等待600秒后再次检查...
2025-11-03 00:28:22,576 - INFO - trump:341 - 成功提取81篇有效文章（已过滤短内容）
2025-11-03 00:28:22,577 - INFO - trump:930 - 无新文章，使用现有缓存
2025-11-03 00:28:22,578 - INFO - trump:943 - 等待600秒后再次检查...
2025-11-03 00:38:24,691 - INFO - trump:341 - 成功提取81篇有效文章（已过滤短内容）
2025-11-03 00:38:24,693 - INFO - trump:930 - 无新文章，使用现有缓存
2025-11-03 00:38:24,693 - INFO - trump:943 - 等待600秒后再次检查...
2025-11-03 00:48:29,287 - INFO - trump:341 - 成功提取81篇有效文章（已过滤短内容）
2025-11-03 00:48:29,289 - INFO - trump:930 - 无新文章，使用现有缓存
2025-11-03 00:48:29,289 - INFO - trump:943 - 等待600秒后再次检查...
2025-11-03 00:58:31,059 - INFO - trump:341 - 成功提取81篇有效文章（已过滤短内容）
2025-11-03 00:58:31,060 - INFO - trump:930 - 无新文章，使用现有缓存
2025-11-03 00:58:31,060 - INFO - trump:943 - 等待600秒后再次检查...
2025-11-03 01:08:32,409 - INFO - trump:341 - 成功提取81篇有效文章（已过滤短内容）
2025-11-03 01:08:32,411 - INFO - trump:930 - 无新文章，使用现有缓存
2025-11-03 01:08:32,411 - INFO - trump:943 - 等待600秒后再次检查...
2025-11-03 01:18:33,331 - INFO - trump:341 - 成功提取81篇有效文章（已过滤短内容）
2025-11-03 01:18:33,333 - INFO - trump:930 - 无新文章，使用现有缓存
2025-11-03 01:18:33,333 - INFO - trump:943 - 等待600秒后再次检查...
2025-11-03 01:28:32,275 - INFO - trump:341 - 成功提取81篇有效文章（已过滤短内容）
2025-11-03 01:28:32,277 - INFO - trump:930 - 无新文章，使用现有缓存
2025-11-03 01:28:32,277 - INFO - trump:943 - 等待600秒后再次检查...
2025-11-03 01:38:33,982 - INFO - trump:341 - 成功提取81篇有效文章（已过滤短内容）
2025-11-03 01:38:33,983 - INFO - trump:930 - 无新文章，使用现有缓存
2025-11-03 01:38:33,983 - INFO - trump:943 - 等待600秒后再次检查...
2025-11-03 01:48:35,135 - INFO - trump:341 - 成功提取81篇有效文章（已过滤短内容）
2025-11-03 01:48:35,137 - INFO - trump:930 - 无新文章，使用现有缓存
2025-11-03 01:48:35,137 - INFO - trump:943 - 等待600秒后再次检查...
2025-11-03 01:58:35,650 - INFO - trump:341 - 成功提取81篇有效文章（已过滤短内容）
2025-11-03 01:58:35,652 - INFO - trump:930 - 无新文章，使用现有缓存
2025-11-03 01:58:35,652 - INFO - trump:943 - 等待600秒后再次检查...
2025-11-03 02:08:38,687 - INFO - trump:341 - 成功提取81篇有效文章（已过滤短内容）
2025-11-03 02:08:38,689 - INFO - trump:930 - 无新文章，使用现有缓存
2025-11-03 02:08:38,689 - INFO - trump:943 - 等待600秒后再次检查...
2025-11-03 02:18:39,303 - INFO - trump:341 - 成功提取81篇有效文章（已过滤短内容）
2025-11-03 02:18:39,305 - INFO - trump:930 - 无新文章，使用现有缓存
2025-11-03 02:18:39,306 - INFO - trump:943 - 等待600秒后再次检查...
2025-11-03 02:28:40,128 - INFO - trump:341 - 成功提取81篇有效文章（已过滤短内容）
2025-11-03 02:28:40,130 - INFO - trump:930 - 无新文章，使用现有缓存
2025-11-03 02:28:40,130 - INFO - trump:943 - 等待600秒后再次检查...
2025-11-03 02:38:40,824 - INFO - trump:341 - 成功提取81篇有效文章（已过滤短内容）
2025-11-03 02:38:40,826 - INFO - trump:930 - 无新文章，使用现有缓存
2025-11-03 02:38:40,826 - INFO - trump:943 - 等待600秒后再次检查...
2025-11-03 02:48:41,667 - INFO - trump:341 - 成功提取81篇有效文章（已过滤短内容）
2025-11-03 02:48:41,669 - INFO - trump:930 - 无新文章，使用现有缓存
2025-11-03 02:48:41,669 - INFO - trump:943 - 等待600秒后再次检查...
2025-11-03 02:58:42,553 - INFO - trump:341 - 成功提取81篇有效文章（已过滤短内容）
2025-11-03 02:58:42,555 - INFO - trump:820 - 发现1篇新文章，进行合并分析...
2025-11-03 02:58:43,956 - INFO - trump:188 - 市场数据历史记录已保存
2025-11-03 02:59:05,195 - INFO - trump:244 - 合并结果已缓存到本地文件
2025-11-03 02:59:09,130 - INFO - trump:807 - 合并分析邮件发送成功！收件人：aaroncheungzy@icloud.com, wenhua.Z@foxmail.com
2025-11-03 02:59:09,131 - INFO - trump:943 - 等待600秒后再次检查...
2025-11-03 03:09:09,726 - INFO - trump:341 - 成功提取79篇有效文章（已过滤短内容）
2025-11-03 03:09:09,728 - INFO - trump:930 - 无新文章，使用现有缓存
2025-11-03 03:09:09,728 - INFO - trump:943 - 等待600秒后再次检查...
2025-11-03 03:19:10,689 - INFO - trump:341 - 成功提取79篇有效文章（已过滤短内容）
2025-11-03 03:19:10,691 - INFO - trump:930 - 无新文章，使用现有缓存
2025-11-03 03:19:10,691 - INFO - trump:943 - 等待600秒后再次检查...
2025-11-03 03:29:12,182 - INFO - trump:341 - 成功提取79篇有效文章（已过滤短内容）
2025-11-03 03:29:12,184 - INFO - trump:930 - 无新文章，使用现有缓存
2025-11-03 03:29:12,184 - INFO - trump:943 - 等待600秒后再次检查...
2025-11-03 03:39:13,064 - INFO - trump:341 - 成功提取79篇有效文章（已过滤短内容）
2025-11-03 03:39:13,066 - INFO - trump:930 - 无新文章，使用现有缓存
2025-11-03 03:39:13,066 - INFO - trump:943 - 等待600秒后再次检查...
2025-11-03 03:49:13,953 - INFO - trump:341 - 成功提取79篇有效文章（已过滤短内容）
2025-11-03 03:49:13,955 - INFO - trump:930 - 无新文章，使用现有缓存
2025-11-03 03:49:13,955 - INFO - trump:943 - 等待600秒后再次检查...
2025-11-03 03:59:14,629 - INFO - trump:341 - 成功提取79篇有效文章（已过滤短内容）
2025-11-03 03:59:14,631 - INFO - trump:930 - 无新文章，使用现有缓存
2025-11-03 03:59:14,632 - INFO - trump:943 - 等待600秒后再次检查...
2025-11-03 04:09:15,525 - INFO - trump:341 - 成功提取79篇有效文章（已过滤短内容）
2025-11-03 04:09:15,526 - INFO - trump:930 - 无新文章，使用现有缓存
2025-11-03 04:09:15,526 - INFO - trump:943 - 等待600秒后再次检查...
2025-11-03 04:19:16,138 - INFO - trump:341 - 成功提取79篇有效文章（已过滤短内容）
2025-11-03 04:19:16,140 - INFO - trump:930 - 无新文章，使用现有缓存
2025-11-03 04:19:16,140 - INFO - trump:943 - 等待600秒后再次检查...
2025-11-03 04:29:16,810 - INFO - trump:341 - 成功提取79篇有效文章（已过滤短内容）
2025-11-03 04:29:16,811 - INFO - trump:930 - 无新文章，使用现有缓存
2025-11-03 04:29:16,811 - INFO - trump:943 - 等待600秒后再次检查...
2025-11-03 04:39:17,422 - INFO - trump:341 - 成功提取79篇有效文章（已过滤短内容）
2025-11-03 04:39:17,423 - INFO - trump:930 - 无新文章，使用现有缓存
2025-11-03 04:39:17,423 - INFO - trump:943 - 等待600秒后再次检查...
2025-11-03 04:49:18,242 - INFO - trump:341 - 成功提取79篇有效文章（已过滤短内容）
2025-11-03 04:49:18,244 - INFO - trump:930 - 无新文章，使用现有缓存
2025-11-03 04:49:18,244 - INFO - trump:943 - 等待600秒后再次检查...
2025-11-03 04:59:18,874 - INFO - trump:341 - 成功提取79篇有效文章（已过滤短内容）
2025-11-03 04:59:18,875 - INFO - trump:930 - 无新文章，使用现有缓存
2025-11-03 04:59:18,876 - INFO - trump:943 - 等待600秒后再次检查...
2025-11-03 05:09:19,787 - INFO - trump:341 - 成功提取79篇有效文章（已过滤短内容）
2025-11-03 05:09:19,789 - INFO - trump:930 - 无新文章，使用现有缓存
2025-11-03 05:09:19,789 - INFO - trump:943 - 等待600秒后再次检查...
2025-11-03 05:19:20,413 - INFO - trump:341 - 成功提取79篇有效文章（已过滤短内容）
2025-11-03 05:19:20,415 - INFO - trump:930 - 无新文章，使用现有缓存
2025-11-03 05:19:20,415 - INFO - trump:943 - 等待600秒后再次检查...
2025-11-03 05:29:21,085 - INFO - trump:341 - 成功提取79篇有效文章（已过滤短内容）
2025-11-03 05:29:21,087 - INFO - trump:930 - 无新文章，使用现有缓存
2025-11-03 05:29:21,087 - INFO - trump:943 - 等待600秒后再次检查...
2025-11-03 05:39:21,838 - INFO - trump:341 - 成功提取79篇有效文章（已过滤短内容）
2025-11-03 05:39:21,840 - INFO - trump:930 - 无新文章，使用现有缓存
2025-11-03 05:39:21,840 - INFO - trump:943 - 等待600秒后再次检查...
2025-11-03 05:49:22,478 - INFO - trump:341 - 成功提取79篇有效文章（已过滤短内容）
2025-11-03 05:49:22,480 - INFO - trump:930 - 无新文章，使用现有缓存
2025-11-03 05:49:22,480 - INFO - trump:943 - 等待600秒后再次检查...
2025-11-03 05:59:23,051 - INFO - trump:341 - 成功提取79篇有效文章（已过滤短内容）
2025-11-03 05:59:23,053 - INFO - trump:930 - 无新文章，使用现有缓存
2025-11-03 05:59:23,053 - INFO - trump:943 - 等待600秒后再次检查...
2025-11-03 06:09:23,637 - INFO - trump:341 - 成功提取79篇有效文章（已过滤短内容）
2025-11-03 06:09:23,639 - INFO - trump:930 - 无新文章，使用现有缓存
2025-11-03 06:09:23,639 - INFO - trump:943 - 等待600秒后再次检查...
2025-11-03 06:19:24,198 - INFO - trump:341 - 成功提取79篇有效文章（已过滤短内容）
2025-11-03 06:19:24,200 - INFO - trump:930 - 无新文章，使用现有缓存
2025-11-03 06:19:24,200 - INFO - trump:943 - 等待600秒后再次检查...
2025-11-03 06:29:24,772 - INFO - trump:341 - 成功提取79篇有效文章（已过滤短内容）
2025-11-03 06:29:24,774 - INFO - trump:930 - 无新文章，使用现有缓存
2025-11-03 06:29:24,774 - INFO - trump:943 - 等待600秒后再次检查...
2025-11-03 06:39:25,540 - INFO - trump:341 - 成功提取79篇有效文章（已过滤短内容）
2025-11-03 06:39:25,542 - INFO - trump:930 - 无新文章，使用现有缓存
2025-11-03 06:39:25,542 - INFO - trump:943 - 等待600秒后再次检查...
2025-11-03 06:49:26,229 - INFO - trump:341 - 成功提取79篇有效文章（已过滤短内容）
2025-11-03 06:49:26,230 - INFO - trump:930 - 无新文章，使用现有缓存
2025-11-03 06:49:26,230 - INFO - trump:943 - 等待600秒后再次检查...
2025-11-03 06:59:26,958 - INFO - trump:341 - 成功提取79篇有效文章（已过滤短内容）
2025-11-03 06:59:26,960 - INFO - trump:930 - 无新文章，使用现有缓存
2025-11-03 06:59:26,960 - INFO - trump:943 - 等待600秒后再次检查...
2025-11-03 07:09:27,559 - INFO - trump:341 - 成功提取79篇有效文章（已过滤短内容）
2025-11-03 07:09:27,560 - INFO - trump:930 - 无新文章，使用现有缓存
2025-11-03 07:09:27,560 - INFO - trump:943 - 等待600秒后再次检查...
2025-11-03 07:19:28,312 - INFO - trump:341 - 成功提取79篇有效文章（已过滤短内容）
2025-11-03 07:19:28,314 - INFO - trump:930 - 无新文章，使用现有缓存
2025-11-03 07:19:28,314 - INFO - trump:943 - 等待600秒后再次检查...
2025-11-03 07:29:28,910 - INFO - trump:341 - 成功提取79篇有效文章（已过滤短内容）
2025-11-03 07:29:28,911 - INFO - trump:930 - 无新文章，使用现有缓存
2025-11-03 07:29:28,911 - INFO - trump:943 - 等待600秒后再次检查...
2025-11-03 07:39:29,718 - INFO - trump:341 - 成功提取79篇有效文章（已过滤短内容）
2025-11-03 07:39:29,719 - INFO - trump:930 - 无新文章，使用现有缓存
2025-11-03 07:39:29,719 - INFO - trump:943 - 等待600秒后再次检查...
2025-11-03 07:49:30,313 - INFO - trump:341 - 成功提取79篇有效文章（已过滤短内容）
2025-11-03 07:49:30,315 - INFO - trump:930 - 无新文章，使用现有缓存
2025-11-03 07:49:30,315 - INFO - trump:943 - 等待600秒后再次检查...
2025-11-03 07:59:30,910 - INFO - trump:341 - 成功提取79篇有效文章（已过滤短内容）
2025-11-03 07:59:30,911 - INFO - trump:820 - 发现2篇新文章，进行合并分析...
2025-11-03 07:59:30,935 - INFO - trump:188 - 市场数据历史记录已保存
2025-11-03 08:00:00,857 - INFO - trump:244 - 合并结果已缓存到本地文件
2025-11-03 08:00:04,917 - INFO - trump:807 - 合并分析邮件发送成功！收件人：aaroncheungzy@icloud.com, wenhua.Z@foxmail.com
2025-11-03 08:00:04,918 - INFO - trump:943 - 等待600秒后再次检查...
2025-11-03 08:10:05,503 - INFO - trump:341 - 成功提取79篇有效文章（已过滤短内容）
2025-11-03 08:10:05,504 - INFO - trump:820 - 发现1篇新文章，进行合并分析...
2025-11-03 08:10:05,526 - INFO - trump:188 - 市场数据历史记录已保存
2025-11-03 08:10:24,585 - INFO - trump:244 - 合并结果已缓存到本地文件
2025-11-03 08:10:28,519 - INFO - trump:807 - 合并分析邮件发送成功！收件人：aaroncheungzy@icloud.com, wenhua.Z@foxmail.com
2025-11-03 08:10:28,521 - INFO - trump:943 - 等待600秒后再次检查...
2025-11-03 08:20:29,103 - INFO - trump:341 - 成功提取79篇有效文章（已过滤短内容）
2025-11-03 08:20:29,105 - INFO - trump:930 - 无新文章，使用现有缓存
2025-11-03 08:20:29,105 - INFO - trump:943 - 等待600秒后再次检查...
2025-11-03 08:30:29,701 - INFO - trump:341 - 成功提取79篇有效文章（已过滤短内容）
2025-11-03 08:30:29,703 - INFO - trump:820 - 发现1篇新文章，进行合并分析...
2025-11-03 08:30:29,728 - INFO - trump:188 - 市场数据历史记录已保存
2025-11-03 08:30:54,573 - INFO - trump:244 - 合并结果已缓存到本地文件
2025-11-03 08:30:58,798 - INFO - trump:807 - 合并分析邮件发送成功！收件人：aaroncheungzy@icloud.com, wenhua.Z@foxmail.com
2025-11-03 08:30:58,799 - INFO - trump:943 - 等待600秒后再次检查...
2025-11-03 08:40:57,554 - INFO - trump:341 - 成功提取79篇有效文章（已过滤短内容）
2025-11-03 08:40:57,555 - INFO - trump:820 - 发现1篇新文章，进行合并分析...
2025-11-03 08:40:57,580 - INFO - trump:188 - 市场数据历史记录已保存
2025-11-03 08:41:29,784 - INFO - trump:244 - 合并结果已缓存到本地文件
2025-11-03 08:41:33,586 - INFO - trump:807 - 合并分析邮件发送成功！收件人：aaroncheungzy@icloud.com, wenhua.Z@foxmail.com
2025-11-03 08:41:33,587 - INFO - trump:943 - 等待600秒后再次检查...
2025-11-03 08:51:34,178 - INFO - trump:341 - 成功提取81篇有效文章（已过滤短内容）
2025-11-03 08:51:34,180 - INFO - trump:820 - 发现7篇新文章，进行合并分析...
2025-11-03 08:51:34,206 - INFO - trump:188 - 市场数据历史记录已保存
2025-11-03 08:52:40,860 - INFO - trump:244 - 合并结果已缓存到本地文件
2025-11-03 08:52:45,346 - INFO - trump:807 - 合并分析邮件发送成功！收件人：aaroncheungzy@icloud.com, wenhua.Z@foxmail.com
2025-11-03 08:52:45,348 - INFO - trump:943 - 等待600秒后再次检查...
2025-11-03 09:02:46,028 - INFO - trump:341 - 成功提取81篇有效文章（已过滤短内容）
2025-11-03 09:02:46,029 - INFO - trump:930 - 无新文章，使用现有缓存
2025-11-03 09:02:46,029 - INFO - trump:943 - 等待600秒后再次检查...
2025-11-03 09:12:46,655 - INFO - trump:341 - 成功提取81篇有效文章（已过滤短内容）
2025-11-03 09:12:46,657 - INFO - trump:930 - 无新文章，使用现有缓存
2025-11-03 09:12:46,657 - INFO - trump:943 - 等待600秒后再次检查...
2025-11-03 09:22:47,242 - INFO - trump:341 - 成功提取81篇有效文章（已过滤短内容）
2025-11-03 09:22:47,244 - INFO - trump:930 - 无新文章，使用现有缓存
2025-11-03 09:22:47,244 - INFO - trump:943 - 等待600秒后再次检查...
2025-11-03 09:32:47,867 - INFO - trump:341 - 成功提取81篇有效文章（已过滤短内容）
2025-11-03 09:32:47,869 - INFO - trump:930 - 无新文章，使用现有缓存
2025-11-03 09:32:47,869 - INFO - trump:943 - 等待600秒后再次检查...
2025-11-03 09:42:50,498 - INFO - trump:341 - 成功提取81篇有效文章（已过滤短内容）
2025-11-03 09:42:50,500 - INFO - trump:930 - 无新文章，使用现有缓存
2025-11-03 09:42:50,500 - INFO - trump:943 - 等待600秒后再次检查...
2025-11-03 09:52:51,090 - INFO - trump:341 - 成功提取81篇有效文章（已过滤短内容）
2025-11-03 09:52:51,091 - INFO - trump:930 - 无新文章，使用现有缓存
2025-11-03 09:52:51,091 - INFO - trump:943 - 等待600秒后再次检查...
2025-11-03 10:02:51,834 - INFO - trump:341 - 成功提取81篇有效文章（已过滤短内容）
2025-11-03 10:02:51,836 - INFO - trump:930 - 无新文章，使用现有缓存
2025-11-03 10:02:51,836 - INFO - trump:943 - 等待600秒后再次检查...
2025-11-03 10:12:52,818 - INFO - trump:341 - 成功提取81篇有效文章（已过滤短内容）
2025-11-03 10:12:52,820 - INFO - trump:930 - 无新文章，使用现有缓存
2025-11-03 10:12:52,820 - INFO - trump:943 - 等待600秒后再次检查...
2025-11-03 10:22:53,518 - INFO - trump:341 - 成功提取84篇有效文章（已过滤短内容）
2025-11-03 10:22:53,520 - INFO - trump:820 - 发现3篇新文章，进行合并分析...
2025-11-03 10:22:53,548 - INFO - trump:188 - 市场数据历史记录已保存
2025-11-03 10:23:37,668 - INFO - trump:244 - 合并结果已缓存到本地文件
2025-11-03 10:23:41,275 - INFO - trump:807 - 合并分析邮件发送成功！收件人：aaroncheungzy@icloud.com, wenhua.Z@foxmail.com
2025-11-03 10:23:41,277 - INFO - trump:943 - 等待600秒后再次检查...
2025-11-03 10:33:41,873 - INFO - trump:341 - 成功提取86篇有效文章（已过滤短内容）
2025-11-03 10:33:41,875 - INFO - trump:820 - 发现4篇新文章，进行合并分析...
2025-11-03 10:33:41,901 - INFO - trump:188 - 市场数据历史记录已保存
2025-11-03 10:34:33,872 - INFO - trump:244 - 合并结果已缓存到本地文件
2025-11-03 10:34:43,896 - ERROR - trump:811 - 邮件发送失败: timed out
Traceback (most recent call last):
  File "/Users/zhangyang/Documents/Python/python_trade/trump.py", line 796, in _send_email
    with smtplib.SMTP(smtp_server, smtp_port, timeout=10) as server:
         ~~~~~~~~~~~~^^^^^^^^^^^^^^^^^^^^^^^^^^^^^^^^^^^^
  File "/Library/Frameworks/Python.framework/Versions/3.13/lib/python3.13/smtplib.py", line 255, in __init__
    (code, msg) = self.connect(host, port)
                  ~~~~~~~~~~~~^^^^^^^^^^^^
  File "/Library/Frameworks/Python.framework/Versions/3.13/lib/python3.13/smtplib.py", line 341, in connect
    self.sock = self._get_socket(host, port, self.timeout)
                ~~~~~~~~~~~~~~~~^^^^^^^^^^^^^^^^^^^^^^^^^^
  File "/Library/Frameworks/Python.framework/Versions/3.13/lib/python3.13/smtplib.py", line 312, in _get_socket
    return socket.create_connection((host, port), timeout,
           ~~~~~~~~~~~~~~~~~~~~~~~~^^^^^^^^^^^^^^^^^^^^^^^
                                    self.source_address)
                                    ^^^^^^^^^^^^^^^^^^^^
  File "/Library/Frameworks/Python.framework/Versions/3.13/lib/python3.13/socket.py", line 864, in create_connection
    raise exceptions[0]
  File "/Library/Frameworks/Python.framework/Versions/3.13/lib/python3.13/socket.py", line 849, in create_connection
    sock.connect(sa)
    ~~~~~~~~~~~~^^^^
TimeoutError: timed out
2025-11-03 10:34:43,905 - INFO - trump:943 - 等待600秒后再次检查...
2025-11-03 10:44:44,806 - INFO - trump:341 - 成功提取87篇有效文章（已过滤短内容）
2025-11-03 10:44:44,807 - INFO - trump:820 - 发现5篇新文章，进行合并分析...
2025-11-03 10:44:44,832 - INFO - trump:188 - 市场数据历史记录已保存
2025-11-03 10:45:40,107 - INFO - trump:244 - 合并结果已缓存到本地文件
2025-11-03 10:45:43,873 - INFO - trump:807 - 合并分析邮件发送成功！收件人：aaroncheungzy@icloud.com, wenhua.Z@foxmail.com
2025-11-03 10:45:43,874 - INFO - trump:943 - 等待600秒后再次检查...
2025-11-03 10:55:44,503 - INFO - trump:341 - 成功提取90篇有效文章（已过滤短内容）
2025-11-03 10:55:44,505 - INFO - trump:820 - 发现19篇新文章，进行合并分析...
2025-11-03 10:55:44,530 - INFO - trump:188 - 市场数据历史记录已保存
2025-11-03 10:56:44,541 - WARNING - trump:631 - 翻译超时，3秒后重试
2025-11-03 10:57:47,563 - WARNING - trump:631 - 翻译超时，3秒后重试
2025-11-03 10:59:11,588 - INFO - trump:244 - 合并结果已缓存到本地文件
2025-11-03 10:59:15,379 - INFO - trump:807 - 合并分析邮件发送成功！收件人：aaroncheungzy@icloud.com, wenhua.Z@foxmail.com
2025-11-03 10:59:15,381 - INFO - trump:943 - 等待600秒后再次检查...
2025-11-03 11:09:16,212 - INFO - trump:341 - 成功提取90篇有效文章（已过滤短内容）
2025-11-03 11:09:16,214 - INFO - trump:930 - 无新文章，使用现有缓存
2025-11-03 11:09:16,214 - INFO - trump:943 - 等待600秒后再次检查...
2025-11-03 11:19:16,807 - INFO - trump:341 - 成功提取90篇有效文章（已过滤短内容）
2025-11-03 11:19:16,809 - INFO - trump:820 - 发现2篇新文章，进行合并分析...
2025-11-03 11:19:16,833 - INFO - trump:188 - 市场数据历史记录已保存
2025-11-03 11:19:53,060 - INFO - trump:244 - 合并结果已缓存到本地文件
2025-11-03 11:20:02,484 - INFO - trump:807 - 合并分析邮件发送成功！收件人：aaroncheungzy@icloud.com, wenhua.Z@foxmail.com
2025-11-03 11:20:02,486 - INFO - trump:943 - 等待600秒后再次检查...
2025-11-03 11:30:03,149 - INFO - trump:341 - 成功提取91篇有效文章（已过滤短内容）
2025-11-03 11:30:03,151 - INFO - trump:820 - 发现2篇新文章，进行合并分析...
2025-11-03 11:30:03,174 - INFO - trump:188 - 市场数据历史记录已保存
2025-11-03 11:30:42,076 - INFO - trump:244 - 合并结果已缓存到本地文件
2025-11-03 11:30:46,003 - INFO - trump:807 - 合并分析邮件发送成功！收件人：aaroncheungzy@icloud.com, wenhua.Z@foxmail.com
2025-11-03 11:30:46,004 - INFO - trump:943 - 等待600秒后再次检查...
2025-11-03 11:40:46,765 - INFO - trump:341 - 成功提取91篇有效文章（已过滤短内容）
2025-11-03 11:40:46,767 - INFO - trump:930 - 无新文章，使用现有缓存
2025-11-03 11:40:46,767 - INFO - trump:943 - 等待600秒后再次检查...
2025-11-03 11:50:47,650 - INFO - trump:341 - 成功提取91篇有效文章（已过滤短内容）
2025-11-03 11:50:47,653 - INFO - trump:930 - 无新文章，使用现有缓存
2025-11-03 11:50:47,653 - INFO - trump:943 - 等待600秒后再次检查...
2025-11-03 12:08:33,181 - INFO - trump:132 - 初始化上次检查时间为: 2025-11-03 12:08:33.180900+08:00 (北京时间)
2025-11-03 12:08:33,181 - INFO - trump:974 - 开始监控: https://trumpstruth.org/feed
2025-11-03 12:08:33,181 - INFO - trump:140 - 已手动重置last_check_time为当前UTC时间：2025-11-03 04:08:33.181430+00:00，北京时间：2025-11-03 12:08:33.181430+08:00
2025-11-03 12:08:33,860 - INFO - trump:348 - 成功提取91篇有效文章（已过滤短内容）
2025-11-03 12:08:33,862 - INFO - trump:962 - 无新文章，缓存已是最新 (最新文章时间: 2025-11-03 11:21:24+08:00)
2025-11-03 12:08:33,862 - INFO - trump:968 - 更新上次检查时间为: 2025-11-03 12:08:33.862826+08:00 (北京时间)
2025-11-03 12:08:33,862 - INFO - trump:980 - 等待600秒后再次检查...
2025-11-03 12:14:51,137 - INFO - trump:160 - 初始化上次检查时间为: 2025-11-03 12:14:51.136978+08:00 (北京时间)
2025-11-03 12:14:51,137 - INFO - trump:1207 - 开始监控: https://trumpstruth.org/feed
2025-11-03 12:14:51,137 - INFO - trump:168 - 已手动重置last_check_time为当前UTC时间：2025-11-03 04:14:51.137304+00:00，北京时间：2025-11-03 12:14:51.137304+08:00
2025-11-03 12:14:56,254 - WARNING - connectionpool:868 - Retrying (Retry(total=2, connect=None, read=None, redirect=None, status=None)) after connection broken by 'ConnectionResetError(54, 'Connection reset by peer')': /feed
2025-11-03 12:14:56,853 - INFO - trump:379 - 成功提取91篇有效文章（已过滤短内容）
2025-11-03 12:14:56,854 - INFO - trump:1195 - 无新文章，缓存已是最新 (最新文章时间: 2025-11-03 11:21:24+08:00)
2025-11-03 12:14:56,854 - INFO - trump:1201 - 更新上次检查时间为: 2025-11-03 12:14:56.854683+08:00 (北京时间)
2025-11-03 12:14:56,854 - INFO - trump:1213 - 等待600秒后再次检查...
2025-11-03 12:15:34,775 - INFO - trump:160 - 初始化上次检查时间为: 2025-11-03 12:15:34.775485+08:00 (北京时间)
2025-11-03 12:15:34,775 - INFO - trump:1207 - 开始监控: https://trumpstruth.org/feed
2025-11-03 12:15:34,775 - INFO - trump:168 - 已手动重置last_check_time为当前UTC时间：2025-11-03 04:15:34.775777+00:00，北京时间：2025-11-03 12:15:34.775777+08:00
2025-11-03 12:15:35,425 - INFO - trump:379 - 成功提取91篇有效文章（已过滤短内容）
2025-11-03 12:15:35,427 - INFO - trump:1195 - 无新文章，缓存已是最新 (最新文章时间: 2025-11-03 11:21:24+08:00)
2025-11-03 12:15:35,427 - INFO - trump:1201 - 更新上次检查时间为: 2025-11-03 12:15:35.427448+08:00 (北京时间)
2025-11-03 12:15:35,427 - INFO - trump:1213 - 等待600秒后再次检查...
2025-11-04 11:57:40,752 - INFO - trump:128 - 初始化上次检查时间为: 2025-11-04 11:57:40.752294+08:00 (北京时间)
2025-11-04 11:57:40,752 - INFO - trump:746 - 开始监控: https://trumpstruth.org/feed
2025-11-04 11:57:40,752 - INFO - trump:136 - 已手动重置last_check_time为当前UTC时间：2025-11-04 03:57:40.752540+00:00，北京时间：2025-11-04 11:57:40.752540+08:00
2025-11-04 11:57:41,707 - INFO - trump:335 - 成功提取100篇有效文章（已过滤短内容）
2025-11-04 11:57:41,710 - INFO - trump:727 - 发现未缓存的旧文章，更新缓存但不发送邮件
2025-11-04 11:57:53,960 - INFO - trump:218 - 合并结果已缓存到本地文件
2025-11-04 11:57:53,960 - INFO - trump:740 - 更新上次检查时间为: 2025-11-04 11:57:53.960802+08:00 (北京时间)
2025-11-04 11:57:53,961 - INFO - trump:752 - 等待600秒后再次检查...
2025-11-04 12:07:54,669 - INFO - trump:335 - 成功提取100篇有效文章（已过滤短内容）
2025-11-04 12:07:54,672 - INFO - trump:727 - 发现未缓存的旧文章，更新缓存但不发送邮件
2025-11-04 12:08:07,672 - INFO - trump:218 - 合并结果已缓存到本地文件
2025-11-04 12:08:07,672 - INFO - trump:740 - 更新上次检查时间为: 2025-11-04 12:08:07.672702+08:00 (北京时间)
2025-11-04 12:08:07,673 - INFO - trump:752 - 等待600秒后再次检查...
2025-11-04 12:18:16,487 - INFO - trump:335 - 成功提取100篇有效文章（已过滤短内容）
2025-11-04 12:18:16,493 - INFO - trump:727 - 发现未缓存的旧文章，更新缓存但不发送邮件
2025-11-04 12:18:26,897 - INFO - trump:218 - 合并结果已缓存到本地文件
2025-11-04 12:18:26,898 - INFO - trump:740 - 更新上次检查时间为: 2025-11-04 12:18:26.898032+08:00 (北京时间)
2025-11-04 12:18:26,898 - INFO - trump:752 - 等待600秒后再次检查...
2025-11-04 12:28:35,565 - INFO - trump:335 - 成功提取100篇有效文章（已过滤短内容）
2025-11-04 12:28:35,568 - INFO - trump:727 - 发现未缓存的旧文章，更新缓存但不发送邮件
2025-11-04 12:28:46,225 - INFO - trump:218 - 合并结果已缓存到本地文件
2025-11-04 12:28:46,225 - INFO - trump:740 - 更新上次检查时间为: 2025-11-04 12:28:46.225394+08:00 (北京时间)
2025-11-04 12:28:46,225 - INFO - trump:752 - 等待600秒后再次检查...
2025-11-04 12:38:49,247 - INFO - trump:335 - 成功提取100篇有效文章（已过滤短内容）
2025-11-04 12:38:49,249 - INFO - trump:727 - 发现未缓存的旧文章，更新缓存但不发送邮件
2025-11-04 12:39:00,958 - INFO - trump:218 - 合并结果已缓存到本地文件
2025-11-04 12:39:00,959 - INFO - trump:740 - 更新上次检查时间为: 2025-11-04 12:39:00.959074+08:00 (北京时间)
2025-11-04 12:39:00,959 - INFO - trump:752 - 等待600秒后再次检查...
2025-11-04 12:49:02,358 - INFO - trump:335 - 成功提取100篇有效文章（已过滤短内容）
2025-11-04 12:49:02,361 - INFO - trump:727 - 发现未缓存的旧文章，更新缓存但不发送邮件
2025-11-04 12:49:14,240 - INFO - trump:218 - 合并结果已缓存到本地文件
2025-11-04 12:49:14,240 - INFO - trump:740 - 更新上次检查时间为: 2025-11-04 12:49:14.240554+08:00 (北京时间)
2025-11-04 12:49:14,240 - INFO - trump:752 - 等待600秒后再次检查...
2025-11-04 12:59:15,247 - INFO - trump:335 - 成功提取100篇有效文章（已过滤短内容）
2025-11-04 12:59:15,250 - INFO - trump:727 - 发现未缓存的旧文章，更新缓存但不发送邮件
2025-11-04 12:59:26,915 - INFO - trump:218 - 合并结果已缓存到本地文件
2025-11-04 12:59:26,916 - INFO - trump:740 - 更新上次检查时间为: 2025-11-04 12:59:26.916218+08:00 (北京时间)
2025-11-04 12:59:26,916 - INFO - trump:752 - 等待600秒后再次检查...
2025-11-04 13:09:27,869 - INFO - trump:335 - 成功提取100篇有效文章（已过滤短内容）
2025-11-04 13:09:27,872 - INFO - trump:727 - 发现未缓存的旧文章，更新缓存但不发送邮件
2025-11-04 13:09:40,258 - INFO - trump:218 - 合并结果已缓存到本地文件
2025-11-04 13:09:40,258 - INFO - trump:740 - 更新上次检查时间为: 2025-11-04 13:09:40.258776+08:00 (北京时间)
2025-11-04 13:09:40,259 - INFO - trump:752 - 等待600秒后再次检查...
2025-11-04 13:19:40,904 - INFO - trump:335 - 成功提取100篇有效文章（已过滤短内容）
2025-11-04 13:19:40,906 - INFO - trump:727 - 发现未缓存的旧文章，更新缓存但不发送邮件
2025-11-04 13:19:53,118 - INFO - trump:218 - 合并结果已缓存到本地文件
2025-11-04 13:19:53,118 - INFO - trump:740 - 更新上次检查时间为: 2025-11-04 13:19:53.118798+08:00 (北京时间)
2025-11-04 13:19:53,119 - INFO - trump:752 - 等待600秒后再次检查...
2025-11-04 13:29:54,236 - INFO - trump:335 - 成功提取100篇有效文章（已过滤短内容）
2025-11-04 13:29:54,239 - INFO - trump:727 - 发现未缓存的旧文章，更新缓存但不发送邮件
2025-11-04 13:30:06,696 - INFO - trump:218 - 合并结果已缓存到本地文件
2025-11-04 13:30:06,697 - INFO - trump:740 - 更新上次检查时间为: 2025-11-04 13:30:06.697260+08:00 (北京时间)
2025-11-04 13:30:06,697 - INFO - trump:752 - 等待600秒后再次检查...
2025-11-04 13:40:07,848 - INFO - trump:335 - 成功提取100篇有效文章（已过滤短内容）
2025-11-04 13:40:07,851 - INFO - trump:727 - 发现未缓存的旧文章，更新缓存但不发送邮件
2025-11-04 13:40:20,172 - INFO - trump:218 - 合并结果已缓存到本地文件
2025-11-04 13:40:20,173 - INFO - trump:740 - 更新上次检查时间为: 2025-11-04 13:40:20.173004+08:00 (北京时间)
2025-11-04 13:40:20,173 - INFO - trump:752 - 等待600秒后再次检查...
2025-11-04 13:50:29,026 - INFO - trump:335 - 成功提取100篇有效文章（已过滤短内容）
2025-11-04 13:50:29,029 - INFO - trump:727 - 发现未缓存的旧文章，更新缓存但不发送邮件
2025-11-04 13:50:41,048 - INFO - trump:218 - 合并结果已缓存到本地文件
2025-11-04 13:50:41,048 - INFO - trump:740 - 更新上次检查时间为: 2025-11-04 13:50:41.048753+08:00 (北京时间)
2025-11-04 13:50:41,049 - INFO - trump:752 - 等待600秒后再次检查...
2025-11-04 14:00:50,025 - INFO - trump:335 - 成功提取100篇有效文章（已过滤短内容）
2025-11-04 14:00:50,028 - INFO - trump:727 - 发现未缓存的旧文章，更新缓存但不发送邮件
2025-11-04 14:01:03,418 - INFO - trump:218 - 合并结果已缓存到本地文件
2025-11-04 14:01:03,418 - INFO - trump:740 - 更新上次检查时间为: 2025-11-04 14:01:03.418338+08:00 (北京时间)
2025-11-04 14:01:03,418 - INFO - trump:752 - 等待600秒后再次检查...
2025-11-04 14:11:04,100 - INFO - trump:335 - 成功提取100篇有效文章（已过滤短内容）
2025-11-04 14:11:04,103 - INFO - trump:727 - 发现未缓存的旧文章，更新缓存但不发送邮件
2025-11-04 14:11:17,928 - INFO - trump:218 - 合并结果已缓存到本地文件
2025-11-04 14:11:17,928 - INFO - trump:740 - 更新上次检查时间为: 2025-11-04 14:11:17.928908+08:00 (北京时间)
2025-11-04 14:11:17,929 - INFO - trump:752 - 等待600秒后再次检查...
2025-11-04 14:21:18,597 - INFO - trump:335 - 成功提取100篇有效文章（已过滤短内容）
2025-11-04 14:21:18,600 - INFO - trump:727 - 发现未缓存的旧文章，更新缓存但不发送邮件
2025-11-04 14:21:32,132 - INFO - trump:218 - 合并结果已缓存到本地文件
2025-11-04 14:21:32,132 - INFO - trump:740 - 更新上次检查时间为: 2025-11-04 14:21:32.132797+08:00 (北京时间)
2025-11-04 14:21:32,133 - INFO - trump:752 - 等待600秒后再次检查...
2025-11-04 14:31:33,395 - INFO - trump:335 - 成功提取100篇有效文章（已过滤短内容）
2025-11-04 14:31:33,397 - INFO - trump:727 - 发现未缓存的旧文章，更新缓存但不发送邮件
2025-11-04 14:31:44,949 - INFO - trump:218 - 合并结果已缓存到本地文件
2025-11-04 14:31:44,949 - INFO - trump:740 - 更新上次检查时间为: 2025-11-04 14:31:44.949886+08:00 (北京时间)
2025-11-04 14:31:44,950 - INFO - trump:752 - 等待600秒后再次检查...
2025-11-04 14:41:45,596 - INFO - trump:335 - 成功提取100篇有效文章（已过滤短内容）
2025-11-04 14:41:45,598 - INFO - trump:727 - 发现未缓存的旧文章，更新缓存但不发送邮件
2025-11-04 14:41:57,672 - INFO - trump:218 - 合并结果已缓存到本地文件
2025-11-04 14:41:57,672 - INFO - trump:740 - 更新上次检查时间为: 2025-11-04 14:41:57.672397+08:00 (北京时间)
2025-11-04 14:41:57,672 - INFO - trump:752 - 等待600秒后再次检查...
2025-11-04 14:52:12,692 - WARNING - connectionpool:868 - Retrying (Retry(total=2, connect=None, read=None, redirect=None, status=None)) after connection broken by 'ReadTimeoutError("HTTPSConnectionPool(host='trumpstruth.org', port=443): Read timed out. (read timeout=15)")': /feed
2025-11-04 14:52:13,413 - INFO - trump:335 - 成功提取100篇有效文章（已过滤短内容）
2025-11-04 14:52:13,416 - INFO - trump:727 - 发现未缓存的旧文章，更新缓存但不发送邮件
2025-11-04 14:52:25,289 - INFO - trump:218 - 合并结果已缓存到本地文件
2025-11-04 14:52:25,290 - INFO - trump:740 - 更新上次检查时间为: 2025-11-04 14:52:25.290116+08:00 (北京时间)
2025-11-04 14:52:25,290 - INFO - trump:752 - 等待600秒后再次检查...
2025-11-04 15:02:40,305 - WARNING - connectionpool:868 - Retrying (Retry(total=2, connect=None, read=None, redirect=None, status=None)) after connection broken by 'ReadTimeoutError("HTTPSConnectionPool(host='trumpstruth.org', port=443): Read timed out. (read timeout=15)")': /feed
2025-11-04 15:02:41,348 - INFO - trump:335 - 成功提取100篇有效文章（已过滤短内容）
2025-11-04 15:02:41,350 - INFO - trump:727 - 发现未缓存的旧文章，更新缓存但不发送邮件
2025-11-04 15:02:54,447 - INFO - trump:218 - 合并结果已缓存到本地文件
2025-11-04 15:02:54,447 - INFO - trump:740 - 更新上次检查时间为: 2025-11-04 15:02:54.447414+08:00 (北京时间)
2025-11-04 15:02:54,447 - INFO - trump:752 - 等待600秒后再次检查...
2025-11-04 15:12:59,471 - WARNING - connectionpool:868 - Retrying (Retry(total=2, connect=None, read=None, redirect=None, status=None)) after connection broken by 'ConnectionResetError(54, 'Connection reset by peer')': /feed
2025-11-04 15:13:01,246 - INFO - trump:335 - 成功提取100篇有效文章（已过滤短内容）
2025-11-04 15:13:01,249 - INFO - trump:727 - 发现未缓存的旧文章，更新缓存但不发送邮件
2025-11-04 15:13:15,118 - INFO - trump:218 - 合并结果已缓存到本地文件
2025-11-04 15:13:15,118 - INFO - trump:740 - 更新上次检查时间为: 2025-11-04 15:13:15.118541+08:00 (北京时间)
2025-11-04 15:13:15,118 - INFO - trump:752 - 等待600秒后再次检查...
2025-11-04 15:23:16,505 - INFO - trump:335 - 成功提取100篇有效文章（已过滤短内容）
2025-11-04 15:23:16,508 - INFO - trump:727 - 发现未缓存的旧文章，更新缓存但不发送邮件
2025-11-04 15:23:30,023 - INFO - trump:218 - 合并结果已缓存到本地文件
2025-11-04 15:23:30,023 - INFO - trump:740 - 更新上次检查时间为: 2025-11-04 15:23:30.023399+08:00 (北京时间)
2025-11-04 15:23:30,023 - INFO - trump:752 - 等待600秒后再次检查...
2025-11-04 15:33:39,241 - INFO - trump:335 - 成功提取100篇有效文章（已过滤短内容）
2025-11-04 15:33:39,243 - INFO - trump:727 - 发现未缓存的旧文章，更新缓存但不发送邮件
2025-11-04 15:33:52,827 - INFO - trump:218 - 合并结果已缓存到本地文件
2025-11-04 15:33:52,827 - INFO - trump:740 - 更新上次检查时间为: 2025-11-04 15:33:52.827471+08:00 (北京时间)
2025-11-04 15:33:52,827 - INFO - trump:752 - 等待600秒后再次检查...
2025-11-04 15:43:54,165 - INFO - trump:335 - 成功提取100篇有效文章（已过滤短内容）
2025-11-04 15:43:54,167 - INFO - trump:727 - 发现未缓存的旧文章，更新缓存但不发送邮件
2025-11-04 15:44:05,699 - INFO - trump:218 - 合并结果已缓存到本地文件
2025-11-04 15:44:05,699 - INFO - trump:740 - 更新上次检查时间为: 2025-11-04 15:44:05.699709+08:00 (北京时间)
2025-11-04 15:44:05,700 - INFO - trump:752 - 等待600秒后再次检查...
2025-11-04 15:54:14,757 - INFO - trump:335 - 成功提取100篇有效文章（已过滤短内容）
2025-11-04 15:54:14,760 - INFO - trump:727 - 发现未缓存的旧文章，更新缓存但不发送邮件
2025-11-04 15:54:23,282 - INFO - trump:218 - 合并结果已缓存到本地文件
2025-11-04 15:54:23,282 - INFO - trump:740 - 更新上次检查时间为: 2025-11-04 15:54:23.282360+08:00 (北京时间)
2025-11-04 15:54:23,282 - INFO - trump:752 - 等待600秒后再次检查...
2025-11-04 16:04:38,282 - WARNING - connectionpool:868 - Retrying (Retry(total=2, connect=None, read=None, redirect=None, status=None)) after connection broken by 'ReadTimeoutError("HTTPSConnectionPool(host='trumpstruth.org', port=443): Read timed out. (read timeout=15)")': /feed
2025-11-04 16:04:39,011 - INFO - trump:335 - 成功提取100篇有效文章（已过滤短内容）
2025-11-04 16:04:39,013 - INFO - trump:727 - 发现未缓存的旧文章，更新缓存但不发送邮件
2025-11-04 16:04:49,558 - INFO - trump:218 - 合并结果已缓存到本地文件
2025-11-04 16:04:49,558 - INFO - trump:740 - 更新上次检查时间为: 2025-11-04 16:04:49.558527+08:00 (北京时间)
2025-11-04 16:04:49,558 - INFO - trump:752 - 等待600秒后再次检查...
2025-11-04 16:14:58,301 - INFO - trump:335 - 成功提取100篇有效文章（已过滤短内容）
2025-11-04 16:14:58,303 - INFO - trump:727 - 发现未缓存的旧文章，更新缓存但不发送邮件
2025-11-04 16:15:58,316 - INFO - trump:218 - 合并结果已缓存到本地文件
2025-11-04 16:15:58,316 - INFO - trump:740 - 更新上次检查时间为: 2025-11-04 16:15:58.316279+08:00 (北京时间)
2025-11-04 16:15:58,316 - INFO - trump:752 - 等待600秒后再次检查...
2025-11-04 16:16:58,491 - WARNING - trump:409 - API调用失败，将重试: HTTPSConnectionPool(host='api.deepseek.com', port=443): Read timed out.
2025-11-04 16:26:13,329 - WARNING - connectionpool:868 - Retrying (Retry(total=2, connect=None, read=None, redirect=None, status=None)) after connection broken by 'ReadTimeoutError("HTTPSConnectionPool(host='trumpstruth.org', port=443): Read timed out. (read timeout=15)")': /feed
2025-11-04 16:26:25,029 - INFO - trump:335 - 成功提取100篇有效文章（已过滤短内容）
2025-11-04 16:26:25,031 - INFO - trump:727 - 发现未缓存的旧文章，更新缓存但不发送邮件
2025-11-04 16:26:37,937 - INFO - trump:218 - 合并结果已缓存到本地文件
2025-11-04 16:26:37,937 - INFO - trump:740 - 更新上次检查时间为: 2025-11-04 16:26:37.937895+08:00 (北京时间)
2025-11-04 16:26:37,938 - INFO - trump:752 - 等待600秒后再次检查...
2025-11-04 16:36:42,959 - WARNING - connectionpool:868 - Retrying (Retry(total=2, connect=None, read=None, redirect=None, status=None)) after connection broken by 'ConnectionResetError(54, 'Connection reset by peer')': /feed
2025-11-04 16:36:49,975 - WARNING - connectionpool:868 - Retrying (Retry(total=1, connect=None, read=None, redirect=None, status=None)) after connection broken by 'ConnectionResetError(54, 'Connection reset by peer')': /feed
2025-11-04 16:36:58,990 - WARNING - connectionpool:868 - Retrying (Retry(total=0, connect=None, read=None, redirect=None, status=None)) after connection broken by 'ConnectionResetError(54, 'Connection reset by peer')': /feed
2025-11-04 16:37:03,996 - ERROR - trump:277 - 获取网页失败: HTTPSConnectionPool(host='trumpstruth.org', port=443): Max retries exceeded with url: /feed (Caused by ProtocolError('Connection aborted.', ConnectionResetError(54, 'Connection reset by peer')))
2025-11-04 16:37:03,996 - INFO - trump:693 - 未获取到网页内容
2025-11-04 16:37:03,997 - INFO - trump:752 - 等待600秒后再次检查...
2025-11-04 16:47:09,033 - WARNING - connectionpool:868 - Retrying (Retry(total=2, connect=None, read=None, redirect=None, status=None)) after connection broken by 'ConnectionResetError(54, 'Connection reset by peer')': /feed
2025-11-04 16:47:16,049 - WARNING - connectionpool:868 - Retrying (Retry(total=1, connect=None, read=None, redirect=None, status=None)) after connection broken by 'ConnectionResetError(54, 'Connection reset by peer')': /feed
2025-11-04 16:47:21,807 - INFO - trump:335 - 成功提取100篇有效文章（已过滤短内容）
2025-11-04 16:47:21,809 - INFO - trump:727 - 发现未缓存的旧文章，更新缓存但不发送邮件
2025-11-04 16:47:27,129 - INFO - trump:218 - 合并结果已缓存到本地文件
2025-11-04 16:47:27,129 - INFO - trump:740 - 更新上次检查时间为: 2025-11-04 16:47:27.129455+08:00 (北京时间)
2025-11-04 16:47:27,129 - INFO - trump:752 - 等待600秒后再次检查...
2025-11-04 16:57:34,915 - INFO - trump:335 - 成功提取100篇有效文章（已过滤短内容）
2025-11-04 16:57:34,917 - INFO - trump:727 - 发现未缓存的旧文章，更新缓存但不发送邮件
2025-11-04 16:58:34,931 - INFO - trump:218 - 合并结果已缓存到本地文件
2025-11-04 16:58:34,931 - INFO - trump:740 - 更新上次检查时间为: 2025-11-04 16:58:34.931860+08:00 (北京时间)
2025-11-04 16:58:34,932 - INFO - trump:752 - 等待600秒后再次检查...
2025-11-04 16:58:35,091 - WARNING - trump:409 - API调用失败，将重试: HTTPSConnectionPool(host='api.deepseek.com', port=443): Read timed out.
2025-11-04 16:59:37,288 - WARNING - trump:409 - API调用失败，将重试: HTTPSConnectionPool(host='api.deepseek.com', port=443): Read timed out.
2025-11-04 17:00:41,484 - ERROR - trump:414 - DeepSeek API调用失败: HTTPSConnectionPool(host='api.deepseek.com', port=443): Read timed out.
2025-11-04 17:08:36,913 - INFO - trump:335 - 成功提取100篇有效文章（已过滤短内容）
2025-11-04 17:08:36,915 - INFO - trump:727 - 发现未缓存的旧文章，更新缓存但不发送邮件
2025-11-04 17:08:49,910 - INFO - trump:218 - 合并结果已缓存到本地文件
2025-11-04 17:08:49,910 - INFO - trump:740 - 更新上次检查时间为: 2025-11-04 17:08:49.910698+08:00 (北京时间)
2025-11-04 17:08:49,911 - INFO - trump:752 - 等待600秒后再次检查...
2025-11-04 17:19:04,930 - WARNING - connectionpool:868 - Retrying (Retry(total=2, connect=None, read=None, redirect=None, status=None)) after connection broken by 'ReadTimeoutError("HTTPSConnectionPool(host='trumpstruth.org', port=443): Read timed out. (read timeout=15)")': /feed
2025-11-04 17:19:13,754 - INFO - trump:335 - 成功提取100篇有效文章（已过滤短内容）
2025-11-04 17:19:13,756 - INFO - trump:727 - 发现未缓存的旧文章，更新缓存但不发送邮件
2025-11-04 17:19:25,208 - INFO - trump:218 - 合并结果已缓存到本地文件
2025-11-04 17:19:25,208 - INFO - trump:740 - 更新上次检查时间为: 2025-11-04 17:19:25.208662+08:00 (北京时间)
2025-11-04 17:19:25,208 - INFO - trump:752 - 等待600秒后再次检查...
2025-11-04 17:29:26,226 - INFO - trump:335 - 成功提取100篇有效文章（已过滤短内容）
2025-11-04 17:29:26,229 - INFO - trump:727 - 发现未缓存的旧文章，更新缓存但不发送邮件
2025-11-04 17:29:37,770 - INFO - trump:218 - 合并结果已缓存到本地文件
2025-11-04 17:29:37,771 - INFO - trump:740 - 更新上次检查时间为: 2025-11-04 17:29:37.771231+08:00 (北京时间)
2025-11-04 17:29:37,771 - INFO - trump:752 - 等待600秒后再次检查...
2025-11-04 17:39:38,841 - INFO - trump:335 - 成功提取100篇有效文章（已过滤短内容）
2025-11-04 17:39:38,844 - INFO - trump:727 - 发现未缓存的旧文章，更新缓存但不发送邮件
2025-11-04 17:39:49,208 - INFO - trump:218 - 合并结果已缓存到本地文件
2025-11-04 17:39:49,208 - INFO - trump:740 - 更新上次检查时间为: 2025-11-04 17:39:49.208808+08:00 (北京时间)
2025-11-04 17:39:49,209 - INFO - trump:752 - 等待600秒后再次检查...
2025-11-04 17:49:50,412 - INFO - trump:335 - 成功提取100篇有效文章（已过滤短内容）
2025-11-04 17:49:50,415 - INFO - trump:727 - 发现未缓存的旧文章，更新缓存但不发送邮件
2025-11-04 17:50:01,670 - INFO - trump:218 - 合并结果已缓存到本地文件
2025-11-04 17:50:01,670 - INFO - trump:740 - 更新上次检查时间为: 2025-11-04 17:50:01.670462+08:00 (北京时间)
2025-11-04 17:50:01,670 - INFO - trump:752 - 等待600秒后再次检查...
2025-11-04 18:00:02,779 - INFO - trump:335 - 成功提取100篇有效文章（已过滤短内容）
2025-11-04 18:00:02,782 - INFO - trump:727 - 发现未缓存的旧文章，更新缓存但不发送邮件
2025-11-04 18:00:14,131 - INFO - trump:218 - 合并结果已缓存到本地文件
2025-11-04 18:00:14,131 - INFO - trump:740 - 更新上次检查时间为: 2025-11-04 18:00:14.131714+08:00 (北京时间)
2025-11-04 18:00:14,132 - INFO - trump:752 - 等待600秒后再次检查...
2025-11-04 18:10:15,337 - INFO - trump:335 - 成功提取100篇有效文章（已过滤短内容）
2025-11-04 18:10:15,339 - INFO - trump:727 - 发现未缓存的旧文章，更新缓存但不发送邮件
2025-11-04 18:10:26,277 - INFO - trump:218 - 合并结果已缓存到本地文件
2025-11-04 18:10:26,277 - INFO - trump:740 - 更新上次检查时间为: 2025-11-04 18:10:26.277603+08:00 (北京时间)
2025-11-04 18:10:26,277 - INFO - trump:752 - 等待600秒后再次检查...
2025-11-04 18:20:27,349 - INFO - trump:335 - 成功提取100篇有效文章（已过滤短内容）
2025-11-04 18:20:27,351 - INFO - trump:727 - 发现未缓存的旧文章，更新缓存但不发送邮件
2025-11-04 18:20:38,940 - INFO - trump:218 - 合并结果已缓存到本地文件
2025-11-04 18:20:38,941 - INFO - trump:740 - 更新上次检查时间为: 2025-11-04 18:20:38.940985+08:00 (北京时间)
2025-11-04 18:20:38,941 - INFO - trump:752 - 等待600秒后再次检查...
2025-11-04 18:30:40,056 - INFO - trump:335 - 成功提取100篇有效文章（已过滤短内容）
2025-11-04 18:30:40,059 - INFO - trump:727 - 发现未缓存的旧文章，更新缓存但不发送邮件
2025-11-04 18:30:51,299 - INFO - trump:218 - 合并结果已缓存到本地文件
2025-11-04 18:30:51,300 - INFO - trump:740 - 更新上次检查时间为: 2025-11-04 18:30:51.299932+08:00 (北京时间)
2025-11-04 18:30:51,300 - INFO - trump:752 - 等待600秒后再次检查...
2025-11-04 18:40:52,589 - INFO - trump:335 - 成功提取100篇有效文章（已过滤短内容）
2025-11-04 18:40:52,592 - INFO - trump:727 - 发现未缓存的旧文章，更新缓存但不发送邮件
2025-11-04 18:41:04,059 - INFO - trump:218 - 合并结果已缓存到本地文件
2025-11-04 18:41:04,060 - INFO - trump:740 - 更新上次检查时间为: 2025-11-04 18:41:04.059971+08:00 (北京时间)
2025-11-04 18:41:04,060 - INFO - trump:752 - 等待600秒后再次检查...
2025-11-04 18:50:14,754 - INFO - trump:128 - 初始化上次检查时间为: 2025-11-04 18:50:14.754652+08:00 (北京时间)
2025-11-04 18:50:14,755 - INFO - trump:733 - 开始监控: https://trumpstruth.org/feed
2025-11-04 18:50:14,755 - INFO - trump:136 - 已手动重置last_check_time为当前UTC时间：2025-11-04 10:50:14.755054+00:00，北京时间：2025-11-04 18:50:14.755054+08:00
2025-11-04 18:50:15,948 - INFO - trump:335 - 成功提取100篇有效文章（已过滤短内容）
2025-11-04 18:50:15,951 - INFO - trump:721 - 无新文章，当前最新文章时间: 2025-11-04 08:51:35+08:00 (北京时间)
2025-11-04 18:50:15,951 - INFO - trump:727 - 更新上次检查时间为: 2025-11-04 18:50:15.951055+08:00 (北京时间)
2025-11-04 18:50:15,951 - INFO - trump:739 - 等待600秒后再次检查...
2025-11-04 19:00:16,990 - INFO - trump:335 - 成功提取100篇有效文章（已过滤短内容）
2025-11-04 19:00:16,993 - INFO - trump:721 - 无新文章，当前最新文章时间: 2025-11-04 08:51:35+08:00 (北京时间)
2025-11-04 19:00:16,993 - INFO - trump:727 - 更新上次检查时间为: 2025-11-04 19:00:16.993670+08:00 (北京时间)
2025-11-04 19:00:16,993 - INFO - trump:739 - 等待600秒后再次检查...
2025-11-04 19:10:19,208 - INFO - trump:335 - 成功提取100篇有效文章（已过滤短内容）
2025-11-04 19:10:19,210 - INFO - trump:721 - 无新文章，当前最新文章时间: 2025-11-04 08:51:35+08:00 (北京时间)
2025-11-04 19:10:19,211 - INFO - trump:727 - 更新上次检查时间为: 2025-11-04 19:10:19.211052+08:00 (北京时间)
2025-11-04 19:10:19,211 - INFO - trump:739 - 等待600秒后再次检查...
2025-11-04 19:20:21,031 - INFO - trump:335 - 成功提取100篇有效文章（已过滤短内容）
2025-11-04 19:20:21,034 - INFO - trump:721 - 无新文章，当前最新文章时间: 2025-11-04 08:51:35+08:00 (北京时间)
2025-11-04 19:20:21,034 - INFO - trump:727 - 更新上次检查时间为: 2025-11-04 19:20:21.034306+08:00 (北京时间)
2025-11-04 19:20:21,034 - INFO - trump:739 - 等待600秒后再次检查...
2025-11-04 19:30:22,373 - INFO - trump:335 - 成功提取100篇有效文章（已过滤短内容）
2025-11-04 19:30:22,376 - INFO - trump:721 - 无新文章，当前最新文章时间: 2025-11-04 08:51:35+08:00 (北京时间)
2025-11-04 19:30:22,376 - INFO - trump:727 - 更新上次检查时间为: 2025-11-04 19:30:22.376313+08:00 (北京时间)
2025-11-04 19:30:22,376 - INFO - trump:739 - 等待600秒后再次检查...
2025-11-04 19:40:23,387 - INFO - trump:335 - 成功提取100篇有效文章（已过滤短内容）
2025-11-04 19:40:23,389 - INFO - trump:721 - 无新文章，当前最新文章时间: 2025-11-04 08:51:35+08:00 (北京时间)
2025-11-04 19:40:23,389 - INFO - trump:727 - 更新上次检查时间为: 2025-11-04 19:40:23.389979+08:00 (北京时间)
2025-11-04 19:40:23,390 - INFO - trump:739 - 等待600秒后再次检查...
2025-11-04 19:50:24,766 - INFO - trump:335 - 成功提取100篇有效文章（已过滤短内容）
2025-11-04 19:50:24,769 - INFO - trump:721 - 无新文章，当前最新文章时间: 2025-11-04 08:51:35+08:00 (北京时间)
2025-11-04 19:50:24,769 - INFO - trump:727 - 更新上次检查时间为: 2025-11-04 19:50:24.769653+08:00 (北京时间)
2025-11-04 19:50:24,769 - INFO - trump:739 - 等待600秒后再次检查...
2025-11-04 20:00:26,249 - INFO - trump:335 - 成功提取100篇有效文章（已过滤短内容）
2025-11-04 20:00:26,252 - INFO - trump:721 - 无新文章，当前最新文章时间: 2025-11-04 08:51:35+08:00 (北京时间)
2025-11-04 20:00:26,252 - INFO - trump:727 - 更新上次检查时间为: 2025-11-04 20:00:26.252474+08:00 (北京时间)
2025-11-04 20:00:26,252 - INFO - trump:739 - 等待600秒后再次检查...
2025-11-04 20:10:28,324 - INFO - trump:335 - 成功提取100篇有效文章（已过滤短内容）
2025-11-04 20:10:28,326 - INFO - trump:721 - 无新文章，当前最新文章时间: 2025-11-04 08:51:35+08:00 (北京时间)
2025-11-04 20:10:28,326 - INFO - trump:727 - 更新上次检查时间为: 2025-11-04 20:10:28.326857+08:00 (北京时间)
2025-11-04 20:10:28,326 - INFO - trump:739 - 等待600秒后再次检查...
2025-11-04 20:20:34,946 - INFO - trump:335 - 成功提取100篇有效文章（已过滤短内容）
2025-11-04 20:20:34,949 - INFO - trump:721 - 无新文章，当前最新文章时间: 2025-11-04 08:51:35+08:00 (北京时间)
2025-11-04 20:20:34,949 - INFO - trump:727 - 更新上次检查时间为: 2025-11-04 20:20:34.949453+08:00 (北京时间)
2025-11-04 20:20:34,949 - INFO - trump:739 - 等待600秒后再次检查...
2025-11-04 20:30:41,150 - INFO - trump:335 - 成功提取100篇有效文章（已过滤短内容）
2025-11-04 20:30:41,153 - INFO - trump:721 - 无新文章，当前最新文章时间: 2025-11-04 08:51:35+08:00 (北京时间)
2025-11-04 20:30:41,153 - INFO - trump:727 - 更新上次检查时间为: 2025-11-04 20:30:41.153546+08:00 (北京时间)
2025-11-04 20:30:41,153 - INFO - trump:739 - 等待600秒后再次检查...
2025-11-04 20:40:52,276 - INFO - trump:335 - 成功提取100篇有效文章（已过滤短内容）
2025-11-04 20:40:52,279 - INFO - trump:721 - 无新文章，当前最新文章时间: 2025-11-04 08:51:35+08:00 (北京时间)
2025-11-04 20:40:52,279 - INFO - trump:727 - 更新上次检查时间为: 2025-11-04 20:40:52.279412+08:00 (北京时间)
2025-11-04 20:40:52,279 - INFO - trump:739 - 等待600秒后再次检查...
2025-11-04 20:51:02,965 - INFO - trump:335 - 成功提取100篇有效文章（已过滤短内容）
2025-11-04 20:51:02,968 - INFO - trump:721 - 无新文章，当前最新文章时间: 2025-11-04 08:51:35+08:00 (北京时间)
2025-11-04 20:51:02,968 - INFO - trump:727 - 更新上次检查时间为: 2025-11-04 20:51:02.968126+08:00 (北京时间)
2025-11-04 20:51:02,968 - INFO - trump:739 - 等待600秒后再次检查...
2025-11-04 21:01:08,285 - INFO - trump:335 - 成功提取100篇有效文章（已过滤短内容）
2025-11-04 21:01:08,288 - INFO - trump:721 - 无新文章，当前最新文章时间: 2025-11-04 08:51:35+08:00 (北京时间)
2025-11-04 21:01:08,288 - INFO - trump:727 - 更新上次检查时间为: 2025-11-04 21:01:08.288828+08:00 (北京时间)
2025-11-04 21:01:08,288 - INFO - trump:739 - 等待600秒后再次检查...
2025-11-04 21:11:13,348 - INFO - trump:335 - 成功提取100篇有效文章（已过滤短内容）
2025-11-04 21:11:13,350 - INFO - trump:721 - 无新文章，当前最新文章时间: 2025-11-04 08:51:35+08:00 (北京时间)
2025-11-04 21:11:13,350 - INFO - trump:727 - 更新上次检查时间为: 2025-11-04 21:11:13.350676+08:00 (北京时间)
2025-11-04 21:11:13,350 - INFO - trump:739 - 等待600秒后再次检查...
2025-11-04 21:21:18,418 - WARNING - connectionpool:868 - Retrying (Retry(total=2, connect=None, read=None, redirect=None, status=None)) after connection broken by 'ConnectionResetError(54, 'Connection reset by peer')': /feed
2025-11-04 21:21:25,426 - WARNING - connectionpool:868 - Retrying (Retry(total=1, connect=None, read=None, redirect=None, status=None)) after connection broken by 'ConnectionResetError(54, 'Connection reset by peer')': /feed
2025-11-04 21:21:34,436 - WARNING - connectionpool:868 - Retrying (Retry(total=0, connect=None, read=None, redirect=None, status=None)) after connection broken by 'ConnectionResetError(54, 'Connection reset by peer')': /feed
2025-11-04 21:21:39,440 - ERROR - trump:277 - 获取网页失败: HTTPSConnectionPool(host='trumpstruth.org', port=443): Max retries exceeded with url: /feed (Caused by ProtocolError('Connection aborted.', ConnectionResetError(54, 'Connection reset by peer')))
2025-11-04 21:21:39,440 - INFO - trump:693 - 未获取到网页内容
2025-11-04 21:21:39,441 - INFO - trump:739 - 等待600秒后再次检查...
2025-11-04 21:31:42,912 - INFO - trump:335 - 成功提取100篇有效文章（已过滤短内容）
2025-11-04 21:31:42,915 - INFO - trump:727 - 更新上次检查时间为: 2025-11-04 21:31:42.915565+08:00 (北京时间)
2025-11-04 21:31:42,915 - INFO - trump:739 - 等待600秒后再次检查...
2025-11-04 21:41:48,985 - INFO - trump:335 - 成功提取100篇有效文章（已过滤短内容）
2025-11-04 21:41:48,988 - INFO - trump:721 - 无新文章，当前最新文章时间: 2025-11-04 21:21:27+08:00 (北京时间)
2025-11-04 21:41:48,988 - INFO - trump:727 - 更新上次检查时间为: 2025-11-04 21:41:48.988359+08:00 (北京时间)
2025-11-04 21:41:48,988 - INFO - trump:739 - 等待600秒后再次检查...
2025-11-04 21:51:50,807 - INFO - trump:335 - 成功提取100篇有效文章（已过滤短内容）
2025-11-04 21:51:50,810 - INFO - trump:721 - 无新文章，当前最新文章时间: 2025-11-04 21:21:27+08:00 (北京时间)
2025-11-04 21:51:50,810 - INFO - trump:727 - 更新上次检查时间为: 2025-11-04 21:51:50.810330+08:00 (北京时间)
2025-11-04 21:51:50,810 - INFO - trump:739 - 等待600秒后再次检查...
2025-11-04 22:01:55,695 - INFO - trump:335 - 成功提取100篇有效文章（已过滤短内容）
2025-11-04 22:01:55,698 - INFO - trump:721 - 无新文章，当前最新文章时间: 2025-11-04 21:21:27+08:00 (北京时间)
2025-11-04 22:01:55,698 - INFO - trump:727 - 更新上次检查时间为: 2025-11-04 22:01:55.698218+08:00 (北京时间)
2025-11-04 22:01:55,698 - INFO - trump:739 - 等待600秒后再次检查...
2025-11-04 22:12:02,383 - INFO - trump:335 - 成功提取100篇有效文章（已过滤短内容）
2025-11-04 22:12:02,386 - INFO - trump:721 - 无新文章，当前最新文章时间: 2025-11-04 21:21:27+08:00 (北京时间)
2025-11-04 22:12:02,386 - INFO - trump:727 - 更新上次检查时间为: 2025-11-04 22:12:02.386282+08:00 (北京时间)
2025-11-04 22:12:02,386 - INFO - trump:739 - 等待600秒后再次检查...
2025-11-04 22:22:05,491 - INFO - trump:335 - 成功提取100篇有效文章（已过滤短内容）
2025-11-04 22:22:05,493 - INFO - trump:721 - 无新文章，当前最新文章时间: 2025-11-04 21:21:27+08:00 (北京时间)
2025-11-04 22:22:05,493 - INFO - trump:727 - 更新上次检查时间为: 2025-11-04 22:22:05.493932+08:00 (北京时间)
2025-11-04 22:22:05,493 - INFO - trump:739 - 等待600秒后再次检查...
2025-11-04 22:32:09,482 - INFO - trump:335 - 成功提取100篇有效文章（已过滤短内容）
2025-11-04 22:32:09,484 - INFO - trump:721 - 无新文章，当前最新文章时间: 2025-11-04 21:21:27+08:00 (北京时间)
2025-11-04 22:32:09,484 - INFO - trump:727 - 更新上次检查时间为: 2025-11-04 22:32:09.484073+08:00 (北京时间)
2025-11-04 22:32:09,484 - INFO - trump:739 - 等待600秒后再次检查...
2025-11-04 22:42:14,939 - INFO - trump:335 - 成功提取100篇有效文章（已过滤短内容）
2025-11-04 22:42:14,941 - INFO - trump:721 - 无新文章，当前最新文章时间: 2025-11-04 21:21:27+08:00 (北京时间)
2025-11-04 22:42:14,941 - INFO - trump:727 - 更新上次检查时间为: 2025-11-04 22:42:14.941844+08:00 (北京时间)
2025-11-04 22:42:14,941 - INFO - trump:739 - 等待600秒后再次检查...
2025-11-04 22:52:19,884 - INFO - trump:335 - 成功提取100篇有效文章（已过滤短内容）
2025-11-04 22:52:19,887 - INFO - trump:727 - 更新上次检查时间为: 2025-11-04 22:52:19.887638+08:00 (北京时间)
2025-11-04 22:52:19,887 - INFO - trump:739 - 等待600秒后再次检查...
2025-11-04 23:02:22,143 - INFO - trump:335 - 成功提取99篇有效文章（已过滤短内容）
2025-11-04 23:02:22,146 - INFO - trump:727 - 更新上次检查时间为: 2025-11-04 23:02:22.146257+08:00 (北京时间)
2025-11-04 23:02:22,146 - INFO - trump:739 - 等待600秒后再次检查...
2025-11-04 23:12:27,091 - WARNING - connectionpool:868 - Retrying (Retry(total=2, connect=None, read=None, redirect=None, status=None)) after connection broken by 'SSLEOFError(8, '[SSL: UNEXPECTED_EOF_WHILE_READING] EOF occurred in violation of protocol (_ssl.c:1028)')': /feed
2025-11-04 23:12:31,080 - INFO - trump:335 - 成功提取99篇有效文章（已过滤短内容）
2025-11-04 23:12:31,082 - INFO - trump:721 - 无新文章，当前最新文章时间: 2025-11-04 22:53:40+08:00 (北京时间)
2025-11-04 23:12:31,082 - INFO - trump:727 - 更新上次检查时间为: 2025-11-04 23:12:31.082386+08:00 (北京时间)
2025-11-04 23:12:31,082 - INFO - trump:739 - 等待600秒后再次检查...
2025-11-04 23:22:34,678 - INFO - trump:335 - 成功提取99篇有效文章（已过滤短内容）
2025-11-04 23:22:34,680 - INFO - trump:727 - 更新上次检查时间为: 2025-11-04 23:22:34.680518+08:00 (北京时间)
2025-11-04 23:22:34,680 - INFO - trump:739 - 等待600秒后再次检查...
2025-11-04 23:32:38,594 - INFO - trump:335 - 成功提取99篇有效文章（已过滤短内容）
2025-11-04 23:32:38,596 - INFO - trump:721 - 无新文章，当前最新文章时间: 2025-11-04 23:14:30+08:00 (北京时间)
2025-11-04 23:32:38,596 - INFO - trump:727 - 更新上次检查时间为: 2025-11-04 23:32:38.596079+08:00 (北京时间)
2025-11-04 23:32:38,596 - INFO - trump:739 - 等待600秒后再次检查...
2025-11-04 23:39:17,804 - INFO - trump:123 - 初始化上次检查时间为: 2025-11-04 23:39:17.804439+08:00 (北京时间)
2025-11-04 23:39:17,804 - INFO - trump:664 - 开始监控: https://trumpstruth.org/feed
2025-11-04 23:39:17,804 - INFO - trump:128 - 已手动重置last_check_time为当前UTC时间：2025-11-04 15:39:17.804704+00:00，北京时间：2025-11-04 23:39:17.804704+08:00
2025-11-04 23:39:22,265 - INFO - trump:305 - 成功提取99篇有效文章（已过滤短内容）
2025-11-04 23:39:22,267 - INFO - trump:653 - 无新文章，当前最新文章时间: 2025-11-04 23:14:30+08:00 (北京时间)
2025-11-04 23:39:22,268 - INFO - trump:658 - 更新上次检查时间为: 2025-11-04 23:39:22.268021+08:00 (北京时间)
2025-11-04 23:39:22,268 - INFO - trump:669 - 等待600秒后再次检查...
2025-11-04 23:49:28,798 - INFO - trump:305 - 成功提取99篇有效文章（已过滤短内容）
2025-11-04 23:49:28,801 - INFO - trump:653 - 无新文章，当前最新文章时间: 2025-11-04 23:14:30+08:00 (北京时间)
2025-11-04 23:49:28,801 - INFO - trump:658 - 更新上次检查时间为: 2025-11-04 23:49:28.801083+08:00 (北京时间)
2025-11-04 23:49:28,801 - INFO - trump:669 - 等待600秒后再次检查...
2025-11-04 23:59:31,560 - INFO - trump:305 - 成功提取99篇有效文章（已过滤短内容）
2025-11-04 23:59:31,563 - INFO - trump:653 - 无新文章，当前最新文章时间: 2025-11-04 23:14:30+08:00 (北京时间)
2025-11-04 23:59:31,563 - INFO - trump:658 - 更新上次检查时间为: 2025-11-04 23:59:31.563404+08:00 (北京时间)
2025-11-04 23:59:31,563 - INFO - trump:669 - 等待600秒后再次检查...
2025-11-05 00:09:32,851 - INFO - trump:305 - 成功提取99篇有效文章（已过滤短内容）
2025-11-05 00:09:32,853 - INFO - trump:653 - 无新文章，当前最新文章时间: 2025-11-04 23:14:30+08:00 (北京时间)
2025-11-05 00:09:32,853 - INFO - trump:658 - 更新上次检查时间为: 2025-11-05 00:09:32.853578+08:00 (北京时间)
2025-11-05 00:09:32,853 - INFO - trump:669 - 等待600秒后再次检查...
2025-11-05 00:19:39,704 - INFO - trump:305 - 成功提取99篇有效文章（已过滤短内容）
2025-11-05 00:19:39,706 - INFO - trump:653 - 无新文章，当前最新文章时间: 2025-11-05 00:06:56+08:00 (北京时间)
2025-11-05 00:19:39,706 - INFO - trump:658 - 更新上次检查时间为: 2025-11-05 00:19:39.706386+08:00 (北京时间)
2025-11-05 00:19:39,706 - INFO - trump:669 - 等待600秒后再次检查...
2025-11-05 00:29:42,877 - WARNING - connectionpool:868 - Retrying (Retry(total=2, connect=None, read=None, redirect=None, status=None)) after connection broken by 'SSLEOFError(8, '[SSL: UNEXPECTED_EOF_WHILE_READING] EOF occurred in violation of protocol (_ssl.c:1028)')': /feed
2025-11-05 00:29:47,414 - INFO - trump:305 - 成功提取99篇有效文章（已过滤短内容）
2025-11-05 00:29:47,416 - INFO - trump:653 - 无新文章，当前最新文章时间: 2025-11-05 00:06:56+08:00 (北京时间)
2025-11-05 00:29:47,416 - INFO - trump:658 - 更新上次检查时间为: 2025-11-05 00:29:47.416491+08:00 (北京时间)
2025-11-05 00:29:47,416 - INFO - trump:669 - 等待600秒后再次检查...
2025-11-05 00:39:50,249 - INFO - trump:305 - 成功提取99篇有效文章（已过滤短内容）
2025-11-05 00:39:50,251 - INFO - trump:653 - 无新文章，当前最新文章时间: 2025-11-05 00:26:26+08:00 (北京时间)
2025-11-05 00:39:50,251 - INFO - trump:658 - 更新上次检查时间为: 2025-11-05 00:39:50.251677+08:00 (北京时间)
2025-11-05 00:39:50,251 - INFO - trump:669 - 等待600秒后再次检查...
2025-11-05 00:49:51,498 - INFO - trump:305 - 成功提取99篇有效文章（已过滤短内容）
2025-11-05 00:49:51,501 - INFO - trump:653 - 无新文章，当前最新文章时间: 2025-11-05 00:26:26+08:00 (北京时间)
2025-11-05 00:49:51,501 - INFO - trump:658 - 更新上次检查时间为: 2025-11-05 00:49:51.501152+08:00 (北京时间)
2025-11-05 00:49:51,501 - INFO - trump:669 - 等待600秒后再次检查...
2025-11-05 00:59:53,451 - INFO - trump:305 - 成功提取99篇有效文章（已过滤短内容）
2025-11-05 00:59:53,454 - INFO - trump:653 - 无新文章，当前最新文章时间: 2025-11-05 00:26:26+08:00 (北京时间)
2025-11-05 00:59:53,454 - INFO - trump:658 - 更新上次检查时间为: 2025-11-05 00:59:53.454707+08:00 (北京时间)
2025-11-05 00:59:53,454 - INFO - trump:669 - 等待600秒后再次检查...
2025-11-05 01:09:54,017 - INFO - trump:305 - 成功提取99篇有效文章（已过滤短内容）
2025-11-05 01:09:54,019 - INFO - trump:653 - 无新文章，当前最新文章时间: 2025-11-05 00:26:26+08:00 (北京时间)
2025-11-05 01:09:54,019 - INFO - trump:658 - 更新上次检查时间为: 2025-11-05 01:09:54.019105+08:00 (北京时间)
2025-11-05 01:09:54,019 - INFO - trump:669 - 等待600秒后再次检查...
2025-11-05 01:20:09,043 - WARNING - connectionpool:868 - Retrying (Retry(total=2, connect=None, read=None, redirect=None, status=None)) after connection broken by 'ReadTimeoutError("HTTPSConnectionPool(host='trumpstruth.org', port=443): Read timed out. (read timeout=15)")': /feed
2025-11-05 01:20:16,055 - WARNING - connectionpool:868 - Retrying (Retry(total=1, connect=None, read=None, redirect=None, status=None)) after connection broken by 'ConnectionResetError(54, 'Connection reset by peer')': /feed
2025-11-05 01:20:17,223 - INFO - trump:305 - 成功提取99篇有效文章（已过滤短内容）
2025-11-05 01:20:17,225 - INFO - trump:653 - 无新文章，当前最新文章时间: 2025-11-05 00:26:26+08:00 (北京时间)
2025-11-05 01:20:17,225 - INFO - trump:658 - 更新上次检查时间为: 2025-11-05 01:20:17.225467+08:00 (北京时间)
2025-11-05 01:20:17,225 - INFO - trump:669 - 等待600秒后再次检查...
2025-11-05 01:30:18,333 - INFO - trump:305 - 成功提取99篇有效文章（已过滤短内容）
2025-11-05 01:30:18,335 - INFO - trump:653 - 无新文章，当前最新文章时间: 2025-11-05 00:26:26+08:00 (北京时间)
2025-11-05 01:30:18,335 - INFO - trump:658 - 更新上次检查时间为: 2025-11-05 01:30:18.335422+08:00 (北京时间)
2025-11-05 01:30:18,335 - INFO - trump:669 - 等待600秒后再次检查...
2025-11-05 01:40:19,561 - INFO - trump:305 - 成功提取99篇有效文章（已过滤短内容）
2025-11-05 01:40:19,564 - INFO - trump:653 - 无新文章，当前最新文章时间: 2025-11-05 00:26:26+08:00 (北京时间)
2025-11-05 01:40:19,564 - INFO - trump:658 - 更新上次检查时间为: 2025-11-05 01:40:19.564089+08:00 (北京时间)
2025-11-05 01:40:19,564 - INFO - trump:669 - 等待600秒后再次检查...
2025-11-05 01:50:24,633 - INFO - trump:305 - 成功提取99篇有效文章（已过滤短内容）
2025-11-05 01:50:24,636 - INFO - trump:653 - 无新文章，当前最新文章时间: 2025-11-05 00:26:26+08:00 (北京时间)
2025-11-05 01:50:24,636 - INFO - trump:658 - 更新上次检查时间为: 2025-11-05 01:50:24.636205+08:00 (北京时间)
2025-11-05 01:50:24,636 - INFO - trump:669 - 等待600秒后再次检查...
2025-11-05 02:00:25,820 - INFO - trump:305 - 成功提取99篇有效文章（已过滤短内容）
2025-11-05 02:00:25,822 - INFO - trump:653 - 无新文章，当前最新文章时间: 2025-11-05 00:26:26+08:00 (北京时间)
2025-11-05 02:00:25,822 - INFO - trump:658 - 更新上次检查时间为: 2025-11-05 02:00:25.822363+08:00 (北京时间)
2025-11-05 02:00:25,822 - INFO - trump:669 - 等待600秒后再次检查...
2025-11-05 02:10:27,063 - INFO - trump:305 - 成功提取99篇有效文章（已过滤短内容）
2025-11-05 02:10:27,065 - INFO - trump:653 - 无新文章，当前最新文章时间: 2025-11-05 00:26:26+08:00 (北京时间)
2025-11-05 02:10:27,066 - INFO - trump:658 - 更新上次检查时间为: 2025-11-05 02:10:27.066025+08:00 (北京时间)
2025-11-05 02:10:27,066 - INFO - trump:669 - 等待600秒后再次检查...
2025-11-05 02:20:28,162 - INFO - trump:305 - 成功提取99篇有效文章（已过滤短内容）
2025-11-05 02:20:28,165 - INFO - trump:653 - 无新文章，当前最新文章时间: 2025-11-05 00:26:26+08:00 (北京时间)
2025-11-05 02:20:28,165 - INFO - trump:658 - 更新上次检查时间为: 2025-11-05 02:20:28.165463+08:00 (北京时间)
2025-11-05 02:20:28,165 - INFO - trump:669 - 等待600秒后再次检查...
2025-11-05 02:30:29,314 - INFO - trump:305 - 成功提取99篇有效文章（已过滤短内容）
2025-11-05 02:30:29,316 - INFO - trump:658 - 更新上次检查时间为: 2025-11-05 02:30:29.316880+08:00 (北京时间)
2025-11-05 02:30:29,316 - INFO - trump:669 - 等待600秒后再次检查...
2025-11-05 02:40:30,354 - INFO - trump:305 - 成功提取99篇有效文章（已过滤短内容）
2025-11-05 02:40:30,357 - INFO - trump:653 - 无新文章，当前最新文章时间: 2025-11-05 02:28:06+08:00 (北京时间)
2025-11-05 02:40:30,357 - INFO - trump:658 - 更新上次检查时间为: 2025-11-05 02:40:30.357081+08:00 (北京时间)
2025-11-05 02:40:30,357 - INFO - trump:669 - 等待600秒后再次检查...
2025-11-05 02:50:31,444 - INFO - trump:305 - 成功提取99篇有效文章（已过滤短内容）
2025-11-05 02:50:31,446 - INFO - trump:653 - 无新文章，当前最新文章时间: 2025-11-05 02:28:06+08:00 (北京时间)
2025-11-05 02:50:31,446 - INFO - trump:658 - 更新上次检查时间为: 2025-11-05 02:50:31.446325+08:00 (北京时间)
2025-11-05 02:50:31,446 - INFO - trump:669 - 等待600秒后再次检查...
2025-11-05 03:00:32,553 - INFO - trump:305 - 成功提取99篇有效文章（已过滤短内容）
2025-11-05 03:00:32,556 - INFO - trump:653 - 无新文章，当前最新文章时间: 2025-11-05 02:28:06+08:00 (北京时间)
2025-11-05 03:00:32,556 - INFO - trump:658 - 更新上次检查时间为: 2025-11-05 03:00:32.556435+08:00 (北京时间)
2025-11-05 03:00:32,556 - INFO - trump:669 - 等待600秒后再次检查...
2025-11-05 03:10:33,801 - INFO - trump:305 - 成功提取99篇有效文章（已过滤短内容）
2025-11-05 03:10:33,803 - INFO - trump:653 - 无新文章，当前最新文章时间: 2025-11-05 02:28:06+08:00 (北京时间)
2025-11-05 03:10:33,803 - INFO - trump:658 - 更新上次检查时间为: 2025-11-05 03:10:33.803441+08:00 (北京时间)
2025-11-05 03:10:33,803 - INFO - trump:669 - 等待600秒后再次检查...
2025-11-05 03:20:34,480 - INFO - trump:305 - 成功提取99篇有效文章（已过滤短内容）
2025-11-05 03:20:34,482 - INFO - trump:653 - 无新文章，当前最新文章时间: 2025-11-05 02:28:06+08:00 (北京时间)
2025-11-05 03:20:34,482 - INFO - trump:658 - 更新上次检查时间为: 2025-11-05 03:20:34.482957+08:00 (北京时间)
2025-11-05 03:20:34,483 - INFO - trump:669 - 等待600秒后再次检查...
2025-11-05 03:30:35,655 - INFO - trump:305 - 成功提取99篇有效文章（已过滤短内容）
2025-11-05 03:30:35,658 - INFO - trump:653 - 无新文章，当前最新文章时间: 2025-11-05 02:28:06+08:00 (北京时间)
2025-11-05 03:30:35,658 - INFO - trump:658 - 更新上次检查时间为: 2025-11-05 03:30:35.658086+08:00 (北京时间)
2025-11-05 03:30:35,658 - INFO - trump:669 - 等待600秒后再次检查...
2025-11-05 03:40:36,722 - INFO - trump:305 - 成功提取99篇有效文章（已过滤短内容）
2025-11-05 03:40:36,725 - INFO - trump:653 - 无新文章，当前最新文章时间: 2025-11-05 02:28:06+08:00 (北京时间)
2025-11-05 03:40:36,725 - INFO - trump:658 - 更新上次检查时间为: 2025-11-05 03:40:36.725089+08:00 (北京时间)
2025-11-05 03:40:36,725 - INFO - trump:669 - 等待600秒后再次检查...
2025-11-05 03:50:37,786 - INFO - trump:305 - 成功提取99篇有效文章（已过滤短内容）
2025-11-05 03:50:37,788 - INFO - trump:653 - 无新文章，当前最新文章时间: 2025-11-05 02:28:06+08:00 (北京时间)
2025-11-05 03:50:37,788 - INFO - trump:658 - 更新上次检查时间为: 2025-11-05 03:50:37.788970+08:00 (北京时间)
2025-11-05 03:50:37,789 - INFO - trump:669 - 等待600秒后再次检查...
2025-11-05 04:00:38,900 - INFO - trump:305 - 成功提取99篇有效文章（已过滤短内容）
2025-11-05 04:00:38,902 - INFO - trump:653 - 无新文章，当前最新文章时间: 2025-11-05 02:28:06+08:00 (北京时间)
2025-11-05 04:00:38,902 - INFO - trump:658 - 更新上次检查时间为: 2025-11-05 04:00:38.902843+08:00 (北京时间)
2025-11-05 04:00:38,902 - INFO - trump:669 - 等待600秒后再次检查...
2025-11-05 04:10:40,241 - INFO - trump:305 - 成功提取99篇有效文章（已过滤短内容）
2025-11-05 04:10:40,243 - INFO - trump:653 - 无新文章，当前最新文章时间: 2025-11-05 02:28:06+08:00 (北京时间)
2025-11-05 04:10:40,243 - INFO - trump:658 - 更新上次检查时间为: 2025-11-05 04:10:40.243893+08:00 (北京时间)
2025-11-05 04:10:40,243 - INFO - trump:669 - 等待600秒后再次检查...
2025-11-05 04:20:41,271 - INFO - trump:305 - 成功提取99篇有效文章（已过滤短内容）
2025-11-05 04:20:41,274 - INFO - trump:653 - 无新文章，当前最新文章时间: 2025-11-05 02:28:06+08:00 (北京时间)
2025-11-05 04:20:41,274 - INFO - trump:658 - 更新上次检查时间为: 2025-11-05 04:20:41.274192+08:00 (北京时间)
2025-11-05 04:20:41,274 - INFO - trump:669 - 等待600秒后再次检查...
2025-11-05 04:30:42,387 - INFO - trump:305 - 成功提取99篇有效文章（已过滤短内容）
2025-11-05 04:30:42,389 - INFO - trump:653 - 无新文章，当前最新文章时间: 2025-11-05 02:28:06+08:00 (北京时间)
2025-11-05 04:30:42,389 - INFO - trump:658 - 更新上次检查时间为: 2025-11-05 04:30:42.389066+08:00 (北京时间)
2025-11-05 04:30:42,389 - INFO - trump:669 - 等待600秒后再次检查...
2025-11-05 04:40:43,408 - INFO - trump:305 - 成功提取99篇有效文章（已过滤短内容）
2025-11-05 04:40:43,410 - INFO - trump:653 - 无新文章，当前最新文章时间: 2025-11-05 02:28:06+08:00 (北京时间)
2025-11-05 04:40:43,410 - INFO - trump:658 - 更新上次检查时间为: 2025-11-05 04:40:43.410404+08:00 (北京时间)
2025-11-05 04:40:43,410 - INFO - trump:669 - 等待600秒后再次检查...
2025-11-05 04:50:44,438 - INFO - trump:305 - 成功提取99篇有效文章（已过滤短内容）
2025-11-05 04:50:44,440 - INFO - trump:653 - 无新文章，当前最新文章时间: 2025-11-05 02:28:06+08:00 (北京时间)
2025-11-05 04:50:44,440 - INFO - trump:658 - 更新上次检查时间为: 2025-11-05 04:50:44.440558+08:00 (北京时间)
2025-11-05 04:50:44,440 - INFO - trump:669 - 等待600秒后再次检查...
2025-11-05 05:00:45,532 - INFO - trump:305 - 成功提取99篇有效文章（已过滤短内容）
2025-11-05 05:00:45,534 - INFO - trump:653 - 无新文章，当前最新文章时间: 2025-11-05 02:28:06+08:00 (北京时间)
2025-11-05 05:00:45,534 - INFO - trump:658 - 更新上次检查时间为: 2025-11-05 05:00:45.534524+08:00 (北京时间)
2025-11-05 05:00:45,534 - INFO - trump:669 - 等待600秒后再次检查...
2025-11-05 05:10:46,822 - INFO - trump:305 - 成功提取99篇有效文章（已过滤短内容）
2025-11-05 05:10:46,824 - INFO - trump:653 - 无新文章，当前最新文章时间: 2025-11-05 02:28:06+08:00 (北京时间)
2025-11-05 05:10:46,824 - INFO - trump:658 - 更新上次检查时间为: 2025-11-05 05:10:46.824422+08:00 (北京时间)
2025-11-05 05:10:46,824 - INFO - trump:669 - 等待600秒后再次检查...
2025-11-05 05:20:47,843 - INFO - trump:305 - 成功提取99篇有效文章（已过滤短内容）
2025-11-05 05:20:47,845 - INFO - trump:653 - 无新文章，当前最新文章时间: 2025-11-05 02:28:06+08:00 (北京时间)
2025-11-05 05:20:47,845 - INFO - trump:658 - 更新上次检查时间为: 2025-11-05 05:20:47.845965+08:00 (北京时间)
2025-11-05 05:20:47,846 - INFO - trump:669 - 等待600秒后再次检查...
2025-11-05 05:30:49,114 - INFO - trump:305 - 成功提取99篇有效文章（已过滤短内容）
2025-11-05 05:30:49,116 - INFO - trump:653 - 无新文章，当前最新文章时间: 2025-11-05 02:28:06+08:00 (北京时间)
2025-11-05 05:30:49,116 - INFO - trump:658 - 更新上次检查时间为: 2025-11-05 05:30:49.116296+08:00 (北京时间)
2025-11-05 05:30:49,116 - INFO - trump:669 - 等待600秒后再次检查...
2025-11-05 05:40:50,149 - INFO - trump:305 - 成功提取99篇有效文章（已过滤短内容）
2025-11-05 05:40:50,151 - INFO - trump:653 - 无新文章，当前最新文章时间: 2025-11-05 02:28:06+08:00 (北京时间)
2025-11-05 05:40:50,151 - INFO - trump:658 - 更新上次检查时间为: 2025-11-05 05:40:50.151542+08:00 (北京时间)
2025-11-05 05:40:50,151 - INFO - trump:669 - 等待600秒后再次检查...
2025-11-05 05:50:51,199 - INFO - trump:305 - 成功提取99篇有效文章（已过滤短内容）
2025-11-05 05:50:51,202 - INFO - trump:653 - 无新文章，当前最新文章时间: 2025-11-05 02:28:06+08:00 (北京时间)
2025-11-05 05:50:51,202 - INFO - trump:658 - 更新上次检查时间为: 2025-11-05 05:50:51.202485+08:00 (北京时间)
2025-11-05 05:50:51,202 - INFO - trump:669 - 等待600秒后再次检查...
2025-11-05 06:00:52,316 - INFO - trump:305 - 成功提取99篇有效文章（已过滤短内容）
2025-11-05 06:00:52,318 - INFO - trump:658 - 更新上次检查时间为: 2025-11-05 06:00:52.318531+08:00 (北京时间)
2025-11-05 06:00:52,318 - INFO - trump:669 - 等待600秒后再次检查...
2025-11-05 06:10:53,395 - INFO - trump:305 - 成功提取99篇有效文章（已过滤短内容）
2025-11-05 06:10:53,397 - INFO - trump:653 - 无新文章，当前最新文章时间: 2025-11-05 05:59:34+08:00 (北京时间)
2025-11-05 06:10:53,397 - INFO - trump:658 - 更新上次检查时间为: 2025-11-05 06:10:53.397033+08:00 (北京时间)
2025-11-05 06:10:53,397 - INFO - trump:669 - 等待600秒后再次检查...
2025-11-05 06:20:54,429 - INFO - trump:305 - 成功提取99篇有效文章（已过滤短内容）
2025-11-05 06:20:54,432 - INFO - trump:658 - 更新上次检查时间为: 2025-11-05 06:20:54.432143+08:00 (北京时间)
2025-11-05 06:20:54,432 - INFO - trump:669 - 等待600秒后再次检查...
2025-11-05 06:30:55,506 - INFO - trump:305 - 成功提取99篇有效文章（已过滤短内容）
2025-11-05 06:30:55,508 - INFO - trump:653 - 无新文章，当前最新文章时间: 2025-11-05 06:17:36+08:00 (北京时间)
2025-11-05 06:30:55,508 - INFO - trump:658 - 更新上次检查时间为: 2025-11-05 06:30:55.508495+08:00 (北京时间)
2025-11-05 06:30:55,508 - INFO - trump:669 - 等待600秒后再次检查...
2025-11-05 06:40:56,620 - INFO - trump:305 - 成功提取99篇有效文章（已过滤短内容）
2025-11-05 06:40:56,623 - INFO - trump:653 - 无新文章，当前最新文章时间: 2025-11-05 06:30:21+08:00 (北京时间)
2025-11-05 06:40:56,623 - INFO - trump:658 - 更新上次检查时间为: 2025-11-05 06:40:56.623413+08:00 (北京时间)
2025-11-05 06:40:56,623 - INFO - trump:669 - 等待600秒后再次检查...
2025-11-05 06:50:57,697 - INFO - trump:305 - 成功提取99篇有效文章（已过滤短内容）
2025-11-05 06:50:57,700 - INFO - trump:557 - 发现5篇新文章，进行合并分析...
2025-11-05 06:51:24,302 - WARNING - trump:431 - 经济影响评估返回非JSON格式，将进行文本处理
2025-11-05 06:51:24,302 - INFO - trump:565 - 经济影响评估等级: 0/10
2025-11-05 06:51:41,508 - INFO - trump:626 - 经济影响等级低于阈值(3)，不发送邮件和保存缓存
2025-11-05 06:51:41,509 - INFO - trump:658 - 更新上次检查时间为: 2025-11-05 06:51:41.508934+08:00 (北京时间)
2025-11-05 06:51:41,509 - INFO - trump:669 - 等待600秒后再次检查...
2025-11-05 07:01:42,568 - INFO - trump:305 - 成功提取99篇有效文章（已过滤短内容）
2025-11-05 07:01:42,570 - INFO - trump:653 - 无新文章，当前最新文章时间: 2025-11-05 06:42:16+08:00 (北京时间)
2025-11-05 07:01:42,570 - INFO - trump:658 - 更新上次检查时间为: 2025-11-05 07:01:42.570794+08:00 (北京时间)
2025-11-05 07:01:42,570 - INFO - trump:669 - 等待600秒后再次检查...
2025-11-05 07:11:43,622 - INFO - trump:305 - 成功提取99篇有效文章（已过滤短内容）
2025-11-05 07:11:43,625 - INFO - trump:653 - 无新文章，当前最新文章时间: 2025-11-05 06:42:16+08:00 (北京时间)
2025-11-05 07:11:43,625 - INFO - trump:658 - 更新上次检查时间为: 2025-11-05 07:11:43.625271+08:00 (北京时间)
2025-11-05 07:11:43,625 - INFO - trump:669 - 等待600秒后再次检查...
2025-11-05 07:21:44,674 - INFO - trump:305 - 成功提取99篇有效文章（已过滤短内容）
2025-11-05 07:21:44,677 - INFO - trump:653 - 无新文章，当前最新文章时间: 2025-11-05 06:42:16+08:00 (北京时间)
2025-11-05 07:21:44,677 - INFO - trump:658 - 更新上次检查时间为: 2025-11-05 07:21:44.677791+08:00 (北京时间)
2025-11-05 07:21:44,677 - INFO - trump:669 - 等待600秒后再次检查...
2025-11-05 07:31:45,785 - INFO - trump:305 - 成功提取99篇有效文章（已过滤短内容）
2025-11-05 07:31:45,787 - INFO - trump:653 - 无新文章，当前最新文章时间: 2025-11-05 06:42:16+08:00 (北京时间)
2025-11-05 07:31:45,787 - INFO - trump:658 - 更新上次检查时间为: 2025-11-05 07:31:45.787488+08:00 (北京时间)
2025-11-05 07:31:45,787 - INFO - trump:669 - 等待600秒后再次检查...
2025-11-05 07:41:46,824 - INFO - trump:305 - 成功提取99篇有效文章（已过滤短内容）
2025-11-05 07:41:46,827 - INFO - trump:653 - 无新文章，当前最新文章时间: 2025-11-05 06:42:16+08:00 (北京时间)
2025-11-05 07:41:46,827 - INFO - trump:658 - 更新上次检查时间为: 2025-11-05 07:41:46.827397+08:00 (北京时间)
2025-11-05 07:41:46,827 - INFO - trump:669 - 等待600秒后再次检查...
2025-11-05 07:51:47,809 - INFO - trump:305 - 成功提取99篇有效文章（已过滤短内容）
2025-11-05 07:51:47,811 - INFO - trump:653 - 无新文章，当前最新文章时间: 2025-11-05 06:42:16+08:00 (北京时间)
2025-11-05 07:51:47,811 - INFO - trump:658 - 更新上次检查时间为: 2025-11-05 07:51:47.811600+08:00 (北京时间)
2025-11-05 07:51:47,811 - INFO - trump:669 - 等待600秒后再次检查...
2025-11-05 08:01:48,833 - INFO - trump:305 - 成功提取99篇有效文章（已过滤短内容）
2025-11-05 08:01:48,835 - INFO - trump:653 - 无新文章，当前最新文章时间: 2025-11-05 06:42:16+08:00 (北京时间)
2025-11-05 08:01:48,835 - INFO - trump:658 - 更新上次检查时间为: 2025-11-05 08:01:48.835740+08:00 (北京时间)
2025-11-05 08:01:48,835 - INFO - trump:669 - 等待600秒后再次检查...
2025-11-05 08:11:49,941 - INFO - trump:305 - 成功提取99篇有效文章（已过滤短内容）
2025-11-05 08:11:49,943 - INFO - trump:653 - 无新文章，当前最新文章时间: 2025-11-05 06:42:16+08:00 (北京时间)
2025-11-05 08:11:49,943 - INFO - trump:658 - 更新上次检查时间为: 2025-11-05 08:11:49.943769+08:00 (北京时间)
2025-11-05 08:11:49,943 - INFO - trump:669 - 等待600秒后再次检查...
2025-11-05 08:21:51,015 - INFO - trump:305 - 成功提取99篇有效文章（已过滤短内容）
2025-11-05 08:21:51,017 - INFO - trump:653 - 无新文章，当前最新文章时间: 2025-11-05 06:42:16+08:00 (北京时间)
2025-11-05 08:21:51,017 - INFO - trump:658 - 更新上次检查时间为: 2025-11-05 08:21:51.017627+08:00 (北京时间)
2025-11-05 08:21:51,017 - INFO - trump:669 - 等待600秒后再次检查...
2025-11-05 08:31:52,081 - INFO - trump:305 - 成功提取99篇有效文章（已过滤短内容）
2025-11-05 08:31:52,084 - INFO - trump:653 - 无新文章，当前最新文章时间: 2025-11-05 06:42:16+08:00 (北京时间)
2025-11-05 08:31:52,084 - INFO - trump:658 - 更新上次检查时间为: 2025-11-05 08:31:52.084075+08:00 (北京时间)
2025-11-05 08:31:52,084 - INFO - trump:669 - 等待600秒后再次检查...
2025-11-05 08:41:53,159 - INFO - trump:305 - 成功提取99篇有效文章（已过滤短内容）
2025-11-05 08:41:53,161 - INFO - trump:653 - 无新文章，当前最新文章时间: 2025-11-05 06:42:16+08:00 (北京时间)
2025-11-05 08:41:53,161 - INFO - trump:658 - 更新上次检查时间为: 2025-11-05 08:41:53.161163+08:00 (北京时间)
2025-11-05 08:41:53,161 - INFO - trump:669 - 等待600秒后再次检查...
2025-11-05 08:51:54,716 - INFO - trump:305 - 成功提取99篇有效文章（已过滤短内容）
2025-11-05 08:51:54,718 - INFO - trump:653 - 无新文章，当前最新文章时间: 2025-11-05 06:42:16+08:00 (北京时间)
2025-11-05 08:51:54,718 - INFO - trump:658 - 更新上次检查时间为: 2025-11-05 08:51:54.718415+08:00 (北京时间)
2025-11-05 08:51:54,718 - INFO - trump:669 - 等待600秒后再次检查...
2025-11-05 09:01:55,777 - INFO - trump:305 - 成功提取99篇有效文章（已过滤短内容）
2025-11-05 09:01:55,780 - INFO - trump:653 - 无新文章，当前最新文章时间: 2025-11-05 06:42:16+08:00 (北京时间)
2025-11-05 09:01:55,780 - INFO - trump:658 - 更新上次检查时间为: 2025-11-05 09:01:55.780408+08:00 (北京时间)
2025-11-05 09:01:55,780 - INFO - trump:669 - 等待600秒后再次检查...
2025-11-05 09:11:56,890 - INFO - trump:305 - 成功提取99篇有效文章（已过滤短内容）
2025-11-05 09:11:56,892 - INFO - trump:653 - 无新文章，当前最新文章时间: 2025-11-05 06:42:16+08:00 (北京时间)
2025-11-05 09:11:56,892 - INFO - trump:658 - 更新上次检查时间为: 2025-11-05 09:11:56.892192+08:00 (北京时间)
2025-11-05 09:11:56,892 - INFO - trump:669 - 等待600秒后再次检查...
2025-11-05 09:21:58,031 - INFO - trump:305 - 成功提取99篇有效文章（已过滤短内容）
2025-11-05 09:21:58,033 - INFO - trump:653 - 无新文章，当前最新文章时间: 2025-11-05 06:42:16+08:00 (北京时间)
2025-11-05 09:21:58,033 - INFO - trump:658 - 更新上次检查时间为: 2025-11-05 09:21:58.033526+08:00 (北京时间)
2025-11-05 09:21:58,033 - INFO - trump:669 - 等待600秒后再次检查...
2025-11-05 09:32:03,060 - WARNING - connectionpool:868 - Retrying (Retry(total=2, connect=None, read=None, redirect=None, status=None)) after connection broken by 'ConnectionResetError(54, 'Connection reset by peer')': /feed
2025-11-05 09:32:04,090 - INFO - trump:305 - 成功提取99篇有效文章（已过滤短内容）
2025-11-05 09:32:04,093 - INFO - trump:653 - 无新文章，当前最新文章时间: 2025-11-05 06:42:16+08:00 (北京时间)
2025-11-05 09:32:04,093 - INFO - trump:658 - 更新上次检查时间为: 2025-11-05 09:32:04.093345+08:00 (北京时间)
2025-11-05 09:32:04,093 - INFO - trump:669 - 等待600秒后再次检查...
2025-11-05 09:42:08,080 - INFO - trump:305 - 成功提取99篇有效文章（已过滤短内容）
2025-11-05 09:42:08,083 - INFO - trump:653 - 无新文章，当前最新文章时间: 2025-11-05 06:42:16+08:00 (北京时间)
2025-11-05 09:42:08,083 - INFO - trump:658 - 更新上次检查时间为: 2025-11-05 09:42:08.083929+08:00 (北京时间)
2025-11-05 09:42:08,083 - INFO - trump:669 - 等待600秒后再次检查...
2025-11-05 09:52:12,358 - INFO - trump:305 - 成功提取99篇有效文章（已过滤短内容）
2025-11-05 09:52:12,360 - INFO - trump:653 - 无新文章，当前最新文章时间: 2025-11-05 06:42:16+08:00 (北京时间)
2025-11-05 09:52:12,360 - INFO - trump:658 - 更新上次检查时间为: 2025-11-05 09:52:12.360356+08:00 (北京时间)
2025-11-05 09:52:12,360 - INFO - trump:669 - 等待600秒后再次检查...
2025-11-05 10:02:17,644 - INFO - trump:305 - 成功提取99篇有效文章（已过滤短内容）
2025-11-05 10:02:17,645 - INFO - trump:653 - 无新文章，当前最新文章时间: 2025-11-05 06:42:16+08:00 (北京时间)
2025-11-05 10:02:17,645 - INFO - trump:658 - 更新上次检查时间为: 2025-11-05 10:02:17.645757+08:00 (北京时间)
2025-11-05 10:02:17,645 - INFO - trump:669 - 等待600秒后再次检查...
2025-11-05 10:12:33,294 - INFO - trump:305 - 成功提取99篇有效文章（已过滤短内容）
2025-11-05 10:12:33,295 - INFO - trump:653 - 无新文章，当前最新文章时间: 2025-11-05 06:42:16+08:00 (北京时间)
2025-11-05 10:12:33,296 - INFO - trump:658 - 更新上次检查时间为: 2025-11-05 10:12:33.296006+08:00 (北京时间)
2025-11-05 10:12:33,296 - INFO - trump:669 - 等待600秒后再次检查...
2025-11-05 10:22:39,564 - INFO - trump:305 - 成功提取99篇有效文章（已过滤短内容）
2025-11-05 10:22:39,567 - INFO - trump:653 - 无新文章，当前最新文章时间: 2025-11-05 06:42:16+08:00 (北京时间)
2025-11-05 10:22:39,567 - INFO - trump:658 - 更新上次检查时间为: 2025-11-05 10:22:39.567104+08:00 (北京时间)
2025-11-05 10:22:39,567 - INFO - trump:669 - 等待600秒后再次检查...
2025-11-05 10:32:47,118 - INFO - trump:305 - 成功提取99篇有效文章（已过滤短内容）
2025-11-05 10:32:47,120 - INFO - trump:653 - 无新文章，当前最新文章时间: 2025-11-05 06:42:16+08:00 (北京时间)
2025-11-05 10:32:47,120 - INFO - trump:658 - 更新上次检查时间为: 2025-11-05 10:32:47.120847+08:00 (北京时间)
2025-11-05 10:32:47,120 - INFO - trump:669 - 等待600秒后再次检查...
2025-11-05 10:42:51,345 - INFO - trump:305 - 成功提取99篇有效文章（已过滤短内容）
2025-11-05 10:42:51,347 - INFO - trump:653 - 无新文章，当前最新文章时间: 2025-11-05 06:42:16+08:00 (北京时间)
2025-11-05 10:42:51,347 - INFO - trump:658 - 更新上次检查时间为: 2025-11-05 10:42:51.347475+08:00 (北京时间)
2025-11-05 10:42:51,347 - INFO - trump:669 - 等待600秒后再次检查...
2025-11-05 10:52:53,577 - INFO - trump:305 - 成功提取99篇有效文章（已过滤短内容）
2025-11-05 10:52:53,579 - INFO - trump:653 - 无新文章，当前最新文章时间: 2025-11-05 06:42:16+08:00 (北京时间)
2025-11-05 10:52:53,579 - INFO - trump:658 - 更新上次检查时间为: 2025-11-05 10:52:53.579935+08:00 (北京时间)
2025-11-05 10:52:53,579 - INFO - trump:669 - 等待600秒后再次检查...
2025-11-05 11:02:58,206 - INFO - trump:305 - 成功提取99篇有效文章（已过滤短内容）
2025-11-05 11:02:58,208 - INFO - trump:653 - 无新文章，当前最新文章时间: 2025-11-05 06:42:16+08:00 (北京时间)
2025-11-05 11:02:58,208 - INFO - trump:658 - 更新上次检查时间为: 2025-11-05 11:02:58.208347+08:00 (北京时间)
2025-11-05 11:02:58,208 - INFO - trump:669 - 等待600秒后再次检查...
2025-11-05 11:13:02,126 - INFO - trump:305 - 成功提取99篇有效文章（已过滤短内容）
2025-11-05 11:13:02,128 - INFO - trump:658 - 更新上次检查时间为: 2025-11-05 11:13:02.128590+08:00 (北京时间)
2025-11-05 11:13:02,128 - INFO - trump:669 - 等待600秒后再次检查...
2025-11-05 11:23:08,013 - INFO - trump:305 - 成功提取99篇有效文章（已过滤短内容）
2025-11-05 11:23:08,016 - INFO - trump:658 - 更新上次检查时间为: 2025-11-05 11:23:08.015987+08:00 (北京时间)
2025-11-05 11:23:08,016 - INFO - trump:669 - 等待600秒后再次检查...
2025-11-05 11:33:09,884 - INFO - trump:305 - 成功提取99篇有效文章（已过滤短内容）
2025-11-05 11:33:09,886 - INFO - trump:653 - 无新文章，当前最新文章时间: 2025-11-05 11:19:10+08:00 (北京时间)
2025-11-05 11:33:09,886 - INFO - trump:658 - 更新上次检查时间为: 2025-11-05 11:33:09.886457+08:00 (北京时间)
2025-11-05 11:33:09,886 - INFO - trump:669 - 等待600秒后再次检查...
2025-11-05 11:43:12,202 - INFO - trump:305 - 成功提取99篇有效文章（已过滤短内容）
2025-11-05 11:43:12,204 - INFO - trump:653 - 无新文章，当前最新文章时间: 2025-11-05 11:19:10+08:00 (北京时间)
2025-11-05 11:43:12,204 - INFO - trump:658 - 更新上次检查时间为: 2025-11-05 11:43:12.204612+08:00 (北京时间)
2025-11-05 11:43:12,204 - INFO - trump:669 - 等待600秒后再次检查...
2025-11-05 11:49:32,899 - INFO - trump:123 - 初始化上次检查时间为: 2025-11-05 11:49:32.899504+08:00 (北京时间)
2025-11-05 11:49:32,899 - INFO - trump:664 - 开始监控: https://trumpstruth.org/feed
2025-11-05 11:49:32,899 - INFO - trump:128 - 已手动重置last_check_time为当前UTC时间：2025-11-05 03:49:32.899748+00:00，北京时间：2025-11-05 11:49:32.899748+08:00
2025-11-05 11:49:35,353 - INFO - trump:305 - 成功提取99篇有效文章（已过滤短内容）
2025-11-05 11:49:35,356 - INFO - trump:653 - 无新文章，当前最新文章时间: 2025-11-05 11:41:25+08:00 (北京时间)
2025-11-05 11:49:35,356 - INFO - trump:658 - 更新上次检查时间为: 2025-11-05 11:49:35.356395+08:00 (北京时间)
2025-11-05 11:49:35,356 - INFO - trump:669 - 等待600秒后再次检查...
2025-11-05 11:54:13,790 - INFO - trump:123 - 初始化上次检查时间为: 2025-11-05 11:54:13.789853+08:00 (北京时间)
2025-11-05 11:54:13,790 - INFO - trump:664 - 开始监控: https://trumpstruth.org/feed
2025-11-05 11:54:13,790 - INFO - trump:128 - 已手动重置last_check_time为当前UTC时间：2025-11-05 03:54:13.790141+00:00，北京时间：2025-11-05 11:54:13.790141+08:00
2025-11-05 11:54:15,140 - INFO - trump:305 - 成功提取99篇有效文章（已过滤短内容）
2025-11-05 11:54:15,142 - INFO - trump:653 - 无新文章，当前最新文章时间: 2025-11-05 11:41:25+08:00 (北京时间)
2025-11-05 11:54:15,142 - INFO - trump:658 - 更新上次检查时间为: 2025-11-05 11:54:15.142912+08:00 (北京时间)
2025-11-05 11:54:15,142 - INFO - trump:669 - 等待600秒后再次检查...
2025-11-05 11:55:57,585 - INFO - trump:123 - 初始化上次检查时间为: 2025-11-05 11:55:57.585673+08:00 (北京时间)
2025-11-05 11:55:57,585 - INFO - trump:664 - 开始监控: https://trumpstruth.org/feed
2025-11-05 11:55:57,585 - INFO - trump:128 - 已手动重置last_check_time为当前UTC时间：2025-11-05 03:55:57.585928+00:00，北京时间：2025-11-05 11:55:57.585928+08:00
2025-11-05 11:55:58,611 - INFO - trump:305 - 成功提取99篇有效文章（已过滤短内容）
2025-11-05 11:55:58,613 - INFO - trump:653 - 无新文章，当前最新文章时间: 2025-11-05 11:41:25+08:00 (北京时间)
2025-11-05 11:55:58,613 - INFO - trump:658 - 更新上次检查时间为: 2025-11-05 11:55:58.613157+08:00 (北京时间)
2025-11-05 11:55:58,613 - INFO - trump:669 - 等待600秒后再次检查...
2025-11-05 12:05:59,669 - INFO - trump:305 - 成功提取99篇有效文章（已过滤短内容）
2025-11-05 12:05:59,672 - INFO - trump:658 - 更新上次检查时间为: 2025-11-05 12:05:59.672138+08:00 (北京时间)
2025-11-05 12:05:59,672 - INFO - trump:669 - 等待600秒后再次检查...
2025-11-05 12:16:00,906 - INFO - trump:305 - 成功提取99篇有效文章（已过滤短内容）
2025-11-05 12:16:00,909 - INFO - trump:653 - 无新文章，当前最新文章时间: 2025-11-05 11:58:00+08:00 (北京时间)
2025-11-05 12:16:00,909 - INFO - trump:658 - 更新上次检查时间为: 2025-11-05 12:16:00.909287+08:00 (北京时间)
2025-11-05 12:16:00,909 - INFO - trump:669 - 等待600秒后再次检查...
2025-11-05 12:26:02,153 - INFO - trump:305 - 成功提取99篇有效文章（已过滤短内容）
2025-11-05 12:26:02,156 - INFO - trump:653 - 无新文章，当前最新文章时间: 2025-11-05 11:58:00+08:00 (北京时间)
2025-11-05 12:26:02,156 - INFO - trump:658 - 更新上次检查时间为: 2025-11-05 12:26:02.156373+08:00 (北京时间)
2025-11-05 12:26:02,156 - INFO - trump:669 - 等待600秒后再次检查...
2025-11-05 12:36:03,494 - INFO - trump:305 - 成功提取98篇有效文章（已过滤短内容）
2025-11-05 12:36:03,497 - INFO - trump:653 - 无新文章，当前最新文章时间: 2025-11-05 11:58:00+08:00 (北京时间)
2025-11-05 12:36:03,497 - INFO - trump:658 - 更新上次检查时间为: 2025-11-05 12:36:03.497331+08:00 (北京时间)
2025-11-05 12:36:03,497 - INFO - trump:669 - 等待600秒后再次检查...
2025-11-05 12:46:05,559 - INFO - trump:305 - 成功提取98篇有效文章（已过滤短内容）
2025-11-05 12:46:05,561 - INFO - trump:653 - 无新文章，当前最新文章时间: 2025-11-05 11:58:00+08:00 (北京时间)
2025-11-05 12:46:05,561 - INFO - trump:658 - 更新上次检查时间为: 2025-11-05 12:46:05.561887+08:00 (北京时间)
2025-11-05 12:46:05,561 - INFO - trump:669 - 等待600秒后再次检查...
2025-11-05 12:56:10,684 - INFO - trump:305 - 成功提取98篇有效文章（已过滤短内容）
2025-11-05 12:56:10,686 - INFO - trump:653 - 无新文章，当前最新文章时间: 2025-11-05 11:58:00+08:00 (北京时间)
2025-11-05 12:56:10,686 - INFO - trump:658 - 更新上次检查时间为: 2025-11-05 12:56:10.686610+08:00 (北京时间)
2025-11-05 12:56:10,686 - INFO - trump:669 - 等待600秒后再次检查...
2025-11-05 13:06:13,298 - INFO - trump:305 - 成功提取98篇有效文章（已过滤短内容）
2025-11-05 13:06:13,300 - INFO - trump:653 - 无新文章，当前最新文章时间: 2025-11-05 11:58:00+08:00 (北京时间)
2025-11-05 13:06:13,300 - INFO - trump:658 - 更新上次检查时间为: 2025-11-05 13:06:13.300834+08:00 (北京时间)
2025-11-05 13:06:13,300 - INFO - trump:669 - 等待600秒后再次检查...
2025-11-05 13:16:14,926 - INFO - trump:305 - 成功提取98篇有效文章（已过滤短内容）
2025-11-05 13:16:14,928 - INFO - trump:653 - 无新文章，当前最新文章时间: 2025-11-05 11:58:00+08:00 (北京时间)
2025-11-05 13:16:14,928 - INFO - trump:658 - 更新上次检查时间为: 2025-11-05 13:16:14.928781+08:00 (北京时间)
2025-11-05 13:16:14,928 - INFO - trump:669 - 等待600秒后再次检查...
2025-11-05 13:26:20,108 - WARNING - connectionpool:868 - Retrying (Retry(total=2, connect=None, read=None, redirect=None, status=None)) after connection broken by 'ConnectionResetError(54, 'Connection reset by peer')': /feed
2025-11-05 13:26:23,174 - INFO - trump:305 - 成功提取98篇有效文章（已过滤短内容）
2025-11-05 13:26:23,176 - INFO - trump:653 - 无新文章，当前最新文章时间: 2025-11-05 11:58:00+08:00 (北京时间)
2025-11-05 13:26:23,176 - INFO - trump:658 - 更新上次检查时间为: 2025-11-05 13:26:23.176944+08:00 (北京时间)
2025-11-05 13:26:23,177 - INFO - trump:669 - 等待600秒后再次检查...
2025-11-05 13:36:27,336 - INFO - trump:305 - 成功提取98篇有效文章（已过滤短内容）
2025-11-05 13:36:27,338 - INFO - trump:653 - 无新文章，当前最新文章时间: 2025-11-05 11:58:00+08:00 (北京时间)
2025-11-05 13:36:27,338 - INFO - trump:658 - 更新上次检查时间为: 2025-11-05 13:36:27.338451+08:00 (北京时间)
2025-11-05 13:36:27,338 - INFO - trump:669 - 等待600秒后再次检查...
2025-11-05 13:46:36,436 - INFO - trump:305 - 成功提取98篇有效文章（已过滤短内容）
2025-11-05 13:46:36,438 - INFO - trump:653 - 无新文章，当前最新文章时间: 2025-11-05 11:58:00+08:00 (北京时间)
2025-11-05 13:46:36,438 - INFO - trump:658 - 更新上次检查时间为: 2025-11-05 13:46:36.438897+08:00 (北京时间)
2025-11-05 13:46:36,438 - INFO - trump:669 - 等待600秒后再次检查...
2025-11-05 13:56:48,909 - INFO - trump:305 - 成功提取98篇有效文章（已过滤短内容）
2025-11-05 13:56:48,911 - INFO - trump:653 - 无新文章，当前最新文章时间: 2025-11-05 11:58:00+08:00 (北京时间)
2025-11-05 13:56:48,911 - INFO - trump:658 - 更新上次检查时间为: 2025-11-05 13:56:48.911180+08:00 (北京时间)
2025-11-05 13:56:48,911 - INFO - trump:669 - 等待600秒后再次检查...
2025-11-05 14:06:54,654 - INFO - trump:305 - 成功提取98篇有效文章（已过滤短内容）
2025-11-05 14:06:54,656 - INFO - trump:653 - 无新文章，当前最新文章时间: 2025-11-05 11:58:00+08:00 (北京时间)
2025-11-05 14:06:54,656 - INFO - trump:658 - 更新上次检查时间为: 2025-11-05 14:06:54.656415+08:00 (北京时间)
2025-11-05 14:06:54,656 - INFO - trump:669 - 等待600秒后再次检查...
2025-11-05 14:17:01,780 - INFO - trump:305 - 成功提取98篇有效文章（已过滤短内容）
2025-11-05 14:17:01,782 - INFO - trump:653 - 无新文章，当前最新文章时间: 2025-11-05 11:58:00+08:00 (北京时间)
2025-11-05 14:17:01,782 - INFO - trump:658 - 更新上次检查时间为: 2025-11-05 14:17:01.782459+08:00 (北京时间)
2025-11-05 14:17:01,782 - INFO - trump:669 - 等待600秒后再次检查...
2025-11-05 14:27:11,240 - INFO - trump:305 - 成功提取98篇有效文章（已过滤短内容）
2025-11-05 14:27:11,242 - INFO - trump:653 - 无新文章，当前最新文章时间: 2025-11-05 11:58:00+08:00 (北京时间)
2025-11-05 14:27:11,242 - INFO - trump:658 - 更新上次检查时间为: 2025-11-05 14:27:11.242256+08:00 (北京时间)
2025-11-05 14:27:11,242 - INFO - trump:669 - 等待600秒后再次检查...
2025-11-05 14:37:23,023 - INFO - trump:305 - 成功提取98篇有效文章（已过滤短内容）
2025-11-05 14:37:23,026 - INFO - trump:653 - 无新文章，当前最新文章时间: 2025-11-05 11:58:00+08:00 (北京时间)
2025-11-05 14:37:23,026 - INFO - trump:658 - 更新上次检查时间为: 2025-11-05 14:37:23.026168+08:00 (北京时间)
2025-11-05 14:37:23,026 - INFO - trump:669 - 等待600秒后再次检查...
2025-11-05 14:47:32,442 - INFO - trump:305 - 成功提取98篇有效文章（已过滤短内容）
2025-11-05 14:47:32,444 - INFO - trump:653 - 无新文章，当前最新文章时间: 2025-11-05 11:58:00+08:00 (北京时间)
2025-11-05 14:47:32,444 - INFO - trump:658 - 更新上次检查时间为: 2025-11-05 14:47:32.444509+08:00 (北京时间)
2025-11-05 14:47:32,444 - INFO - trump:669 - 等待600秒后再次检查...
2025-11-05 14:57:36,093 - INFO - trump:305 - 成功提取98篇有效文章（已过滤短内容）
2025-11-05 14:57:36,095 - INFO - trump:653 - 无新文章，当前最新文章时间: 2025-11-05 11:58:00+08:00 (北京时间)
2025-11-05 14:57:36,095 - INFO - trump:658 - 更新上次检查时间为: 2025-11-05 14:57:36.095669+08:00 (北京时间)
2025-11-05 14:57:36,095 - INFO - trump:669 - 等待600秒后再次检查...
2025-11-05 15:07:44,021 - INFO - trump:305 - 成功提取98篇有效文章（已过滤短内容）
2025-11-05 15:07:44,023 - INFO - trump:653 - 无新文章，当前最新文章时间: 2025-11-05 11:58:00+08:00 (北京时间)
2025-11-05 15:07:44,023 - INFO - trump:658 - 更新上次检查时间为: 2025-11-05 15:07:44.023631+08:00 (北京时间)
2025-11-05 15:07:44,023 - INFO - trump:669 - 等待600秒后再次检查...
2025-11-05 15:17:49,056 - WARNING - connectionpool:868 - Retrying (Retry(total=2, connect=None, read=None, redirect=None, status=None)) after connection broken by 'ConnectionResetError(54, 'Connection reset by peer')': /feed
2025-11-05 15:17:56,072 - WARNING - connectionpool:868 - Retrying (Retry(total=1, connect=None, read=None, redirect=None, status=None)) after connection broken by 'ConnectionResetError(54, 'Connection reset by peer')': /feed
2025-11-05 15:18:02,847 - INFO - trump:305 - 成功提取98篇有效文章（已过滤短内容）
2025-11-05 15:18:02,849 - INFO - trump:653 - 无新文章，当前最新文章时间: 2025-11-05 11:58:00+08:00 (北京时间)
2025-11-05 15:18:02,850 - INFO - trump:658 - 更新上次检查时间为: 2025-11-05 15:18:02.850003+08:00 (北京时间)
2025-11-05 15:18:02,850 - INFO - trump:669 - 等待600秒后再次检查...
2025-11-05 15:28:10,314 - INFO - trump:305 - 成功提取98篇有效文章（已过滤短内容）
2025-11-05 15:28:10,317 - INFO - trump:653 - 无新文章，当前最新文章时间: 2025-11-05 11:58:00+08:00 (北京时间)
2025-11-05 15:28:10,317 - INFO - trump:658 - 更新上次检查时间为: 2025-11-05 15:28:10.317263+08:00 (北京时间)
2025-11-05 15:28:10,317 - INFO - trump:669 - 等待600秒后再次检查...
2025-11-05 15:38:18,095 - INFO - trump:305 - 成功提取98篇有效文章（已过滤短内容）
2025-11-05 15:38:18,098 - INFO - trump:653 - 无新文章，当前最新文章时间: 2025-11-05 11:58:00+08:00 (北京时间)
2025-11-05 15:38:18,098 - INFO - trump:658 - 更新上次检查时间为: 2025-11-05 15:38:18.098096+08:00 (北京时间)
2025-11-05 15:38:18,098 - INFO - trump:669 - 等待600秒后再次检查...
2025-11-05 15:48:30,870 - INFO - trump:305 - 成功提取98篇有效文章（已过滤短内容）
2025-11-05 15:48:30,872 - INFO - trump:653 - 无新文章，当前最新文章时间: 2025-11-05 11:58:00+08:00 (北京时间)
2025-11-05 15:48:30,872 - INFO - trump:658 - 更新上次检查时间为: 2025-11-05 15:48:30.872530+08:00 (北京时间)
2025-11-05 15:48:30,872 - INFO - trump:669 - 等待600秒后再次检查...
2025-11-05 15:58:35,757 - INFO - trump:305 - 成功提取98篇有效文章（已过滤短内容）
2025-11-05 15:58:35,759 - INFO - trump:653 - 无新文章，当前最新文章时间: 2025-11-05 11:58:00+08:00 (北京时间)
2025-11-05 15:58:35,759 - INFO - trump:658 - 更新上次检查时间为: 2025-11-05 15:58:35.759685+08:00 (北京时间)
2025-11-05 15:58:35,759 - INFO - trump:669 - 等待600秒后再次检查...
2025-11-05 16:08:41,782 - INFO - trump:305 - 成功提取98篇有效文章（已过滤短内容）
2025-11-05 16:08:41,784 - INFO - trump:653 - 无新文章，当前最新文章时间: 2025-11-05 11:58:00+08:00 (北京时间)
2025-11-05 16:08:41,784 - INFO - trump:658 - 更新上次检查时间为: 2025-11-05 16:08:41.784083+08:00 (北京时间)
2025-11-05 16:08:41,784 - INFO - trump:669 - 等待600秒后再次检查...
2025-11-05 16:18:48,066 - INFO - trump:305 - 成功提取98篇有效文章（已过滤短内容）
2025-11-05 16:18:48,068 - INFO - trump:653 - 无新文章，当前最新文章时间: 2025-11-05 11:58:00+08:00 (北京时间)
2025-11-05 16:18:48,068 - INFO - trump:658 - 更新上次检查时间为: 2025-11-05 16:18:48.068386+08:00 (北京时间)
2025-11-05 16:18:48,068 - INFO - trump:669 - 等待600秒后再次检查...
2025-11-05 16:28:54,092 - INFO - trump:305 - 成功提取98篇有效文章（已过滤短内容）
2025-11-05 16:28:54,094 - INFO - trump:653 - 无新文章，当前最新文章时间: 2025-11-05 11:58:00+08:00 (北京时间)
2025-11-05 16:28:54,094 - INFO - trump:658 - 更新上次检查时间为: 2025-11-05 16:28:54.094378+08:00 (北京时间)
2025-11-05 16:28:54,094 - INFO - trump:669 - 等待600秒后再次检查...
2025-11-05 16:39:01,632 - INFO - trump:305 - 成功提取98篇有效文章（已过滤短内容）
2025-11-05 16:39:01,634 - INFO - trump:653 - 无新文章，当前最新文章时间: 2025-11-05 11:58:00+08:00 (北京时间)
2025-11-05 16:39:01,635 - INFO - trump:658 - 更新上次检查时间为: 2025-11-05 16:39:01.634989+08:00 (北京时间)
2025-11-05 16:39:01,635 - INFO - trump:669 - 等待600秒后再次检查...
2025-11-05 16:49:09,803 - WARNING - connectionpool:868 - Retrying (Retry(total=2, connect=None, read=None, redirect=None, status=None)) after connection broken by 'SSLEOFError(8, '[SSL: UNEXPECTED_EOF_WHILE_READING] EOF occurred in violation of protocol (_ssl.c:1028)')': /feed
2025-11-05 16:49:14,727 - INFO - trump:305 - 成功提取98篇有效文章（已过滤短内容）
2025-11-05 16:49:14,729 - INFO - trump:653 - 无新文章，当前最新文章时间: 2025-11-05 11:58:00+08:00 (北京时间)
2025-11-05 16:49:14,729 - INFO - trump:658 - 更新上次检查时间为: 2025-11-05 16:49:14.729879+08:00 (北京时间)
2025-11-05 16:49:14,729 - INFO - trump:669 - 等待600秒后再次检查...
2025-11-05 16:59:19,389 - INFO - trump:305 - 成功提取98篇有效文章（已过滤短内容）
2025-11-05 16:59:19,390 - INFO - trump:653 - 无新文章，当前最新文章时间: 2025-11-05 11:58:00+08:00 (北京时间)
2025-11-05 16:59:19,390 - INFO - trump:658 - 更新上次检查时间为: 2025-11-05 16:59:19.390835+08:00 (北京时间)
2025-11-05 16:59:19,390 - INFO - trump:669 - 等待600秒后再次检查...
2025-11-05 17:09:21,956 - INFO - trump:305 - 成功提取98篇有效文章（已过滤短内容）
2025-11-05 17:09:21,959 - INFO - trump:653 - 无新文章，当前最新文章时间: 2025-11-05 11:58:00+08:00 (北京时间)
2025-11-05 17:09:21,959 - INFO - trump:658 - 更新上次检查时间为: 2025-11-05 17:09:21.959335+08:00 (北京时间)
2025-11-05 17:09:21,959 - INFO - trump:669 - 等待600秒后再次检查...
2025-11-05 17:19:26,979 - WARNING - connectionpool:868 - Retrying (Retry(total=2, connect=None, read=None, redirect=None, status=None)) after connection broken by 'ConnectionResetError(54, 'Connection reset by peer')': /feed
2025-11-05 17:19:43,984 - WARNING - connectionpool:868 - Retrying (Retry(total=1, connect=None, read=None, redirect=None, status=None)) after connection broken by 'ReadTimeoutError("HTTPSConnectionPool(host='trumpstruth.org', port=443): Read timed out. (read timeout=15)")': /feed
2025-11-05 17:19:53,000 - WARNING - connectionpool:868 - Retrying (Retry(total=0, connect=None, read=None, redirect=None, status=None)) after connection broken by 'ConnectionResetError(54, 'Connection reset by peer')': /feed
2025-11-05 17:19:58,006 - ERROR - trump:252 - 获取网页失败: HTTPSConnectionPool(host='trumpstruth.org', port=443): Max retries exceeded with url: /feed (Caused by ProtocolError('Connection aborted.', ConnectionResetError(54, 'Connection reset by peer')))
2025-11-05 17:19:58,006 - INFO - trump:632 - 未获取到网页内容
2025-11-05 17:19:58,006 - INFO - trump:669 - 等待600秒后再次检查...
2025-11-05 17:29:59,726 - INFO - trump:305 - 成功提取98篇有效文章（已过滤短内容）
2025-11-05 17:29:59,728 - INFO - trump:653 - 无新文章，当前最新文章时间: 2025-11-05 11:58:00+08:00 (北京时间)
2025-11-05 17:29:59,729 - INFO - trump:658 - 更新上次检查时间为: 2025-11-05 17:29:59.728988+08:00 (北京时间)
2025-11-05 17:29:59,729 - INFO - trump:669 - 等待600秒后再次检查...
2025-11-05 17:40:04,050 - INFO - trump:305 - 成功提取98篇有效文章（已过滤短内容）
2025-11-05 17:40:04,052 - INFO - trump:653 - 无新文章，当前最新文章时间: 2025-11-05 11:58:00+08:00 (北京时间)
2025-11-05 17:40:04,052 - INFO - trump:658 - 更新上次检查时间为: 2025-11-05 17:40:04.052795+08:00 (北京时间)
2025-11-05 17:40:04,052 - INFO - trump:669 - 等待600秒后再次检查...
2025-11-05 17:50:05,173 - INFO - trump:305 - 成功提取98篇有效文章（已过滤短内容）
2025-11-05 17:50:05,175 - INFO - trump:653 - 无新文章，当前最新文章时间: 2025-11-05 11:58:00+08:00 (北京时间)
2025-11-05 17:50:05,175 - INFO - trump:658 - 更新上次检查时间为: 2025-11-05 17:50:05.175405+08:00 (北京时间)
2025-11-05 17:50:05,175 - INFO - trump:669 - 等待600秒后再次检查...
2025-11-05 18:00:06,363 - INFO - trump:305 - 成功提取98篇有效文章（已过滤短内容）
2025-11-05 18:00:06,365 - INFO - trump:653 - 无新文章，当前最新文章时间: 2025-11-05 11:58:00+08:00 (北京时间)
2025-11-05 18:00:06,365 - INFO - trump:658 - 更新上次检查时间为: 2025-11-05 18:00:06.365820+08:00 (北京时间)
2025-11-05 18:00:06,365 - INFO - trump:669 - 等待600秒后再次检查...
2025-11-05 18:10:07,392 - INFO - trump:305 - 成功提取98篇有效文章（已过滤短内容）
2025-11-05 18:10:07,394 - INFO - trump:653 - 无新文章，当前最新文章时间: 2025-11-05 11:58:00+08:00 (北京时间)
2025-11-05 18:10:07,394 - INFO - trump:658 - 更新上次检查时间为: 2025-11-05 18:10:07.394623+08:00 (北京时间)
2025-11-05 18:10:07,394 - INFO - trump:669 - 等待600秒后再次检查...
2025-11-05 18:20:08,439 - INFO - trump:305 - 成功提取98篇有效文章（已过滤短内容）
2025-11-05 18:20:08,442 - INFO - trump:653 - 无新文章，当前最新文章时间: 2025-11-05 11:58:00+08:00 (北京时间)
2025-11-05 18:20:08,442 - INFO - trump:658 - 更新上次检查时间为: 2025-11-05 18:20:08.442449+08:00 (北京时间)
2025-11-05 18:20:08,442 - INFO - trump:669 - 等待600秒后再次检查...
2025-11-05 18:30:09,748 - INFO - trump:305 - 成功提取98篇有效文章（已过滤短内容）
2025-11-05 18:30:09,750 - INFO - trump:653 - 无新文章，当前最新文章时间: 2025-11-05 11:58:00+08:00 (北京时间)
2025-11-05 18:30:09,750 - INFO - trump:658 - 更新上次检查时间为: 2025-11-05 18:30:09.750526+08:00 (北京时间)
2025-11-05 18:30:09,750 - INFO - trump:669 - 等待600秒后再次检查...
2025-11-05 18:40:10,844 - INFO - trump:305 - 成功提取98篇有效文章（已过滤短内容）
2025-11-05 18:40:10,847 - INFO - trump:653 - 无新文章，当前最新文章时间: 2025-11-05 11:58:00+08:00 (北京时间)
2025-11-05 18:40:10,847 - INFO - trump:658 - 更新上次检查时间为: 2025-11-05 18:40:10.847376+08:00 (北京时间)
2025-11-05 18:40:10,847 - INFO - trump:669 - 等待600秒后再次检查...
2025-11-05 18:50:12,185 - INFO - trump:305 - 成功提取98篇有效文章（已过滤短内容）
2025-11-05 18:50:12,187 - INFO - trump:653 - 无新文章，当前最新文章时间: 2025-11-05 11:58:00+08:00 (北京时间)
2025-11-05 18:50:12,187 - INFO - trump:658 - 更新上次检查时间为: 2025-11-05 18:50:12.187500+08:00 (北京时间)
2025-11-05 18:50:12,187 - INFO - trump:669 - 等待600秒后再次检查...
2025-11-05 19:00:13,282 - INFO - trump:305 - 成功提取98篇有效文章（已过滤短内容）
2025-11-05 19:00:13,285 - INFO - trump:653 - 无新文章，当前最新文章时间: 2025-11-05 11:58:00+08:00 (北京时间)
2025-11-05 19:00:13,285 - INFO - trump:658 - 更新上次检查时间为: 2025-11-05 19:00:13.285197+08:00 (北京时间)
2025-11-05 19:00:13,285 - INFO - trump:669 - 等待600秒后再次检查...
2025-11-05 19:10:14,470 - INFO - trump:305 - 成功提取98篇有效文章（已过滤短内容）
2025-11-05 19:10:14,472 - INFO - trump:653 - 无新文章，当前最新文章时间: 2025-11-05 11:58:00+08:00 (北京时间)
2025-11-05 19:10:14,473 - INFO - trump:658 - 更新上次检查时间为: 2025-11-05 19:10:14.473056+08:00 (北京时间)
2025-11-05 19:10:14,473 - INFO - trump:669 - 等待600秒后再次检查...
2025-11-05 19:20:16,647 - INFO - trump:305 - 成功提取98篇有效文章（已过滤短内容）
2025-11-05 19:20:16,649 - INFO - trump:653 - 无新文章，当前最新文章时间: 2025-11-05 11:58:00+08:00 (北京时间)
2025-11-05 19:20:16,649 - INFO - trump:658 - 更新上次检查时间为: 2025-11-05 19:20:16.649908+08:00 (北京时间)
2025-11-05 19:20:16,649 - INFO - trump:669 - 等待600秒后再次检查...
2025-11-05 19:30:17,741 - INFO - trump:305 - 成功提取98篇有效文章（已过滤短内容）
2025-11-05 19:30:17,744 - INFO - trump:653 - 无新文章，当前最新文章时间: 2025-11-05 11:58:00+08:00 (北京时间)
2025-11-05 19:30:17,744 - INFO - trump:658 - 更新上次检查时间为: 2025-11-05 19:30:17.744247+08:00 (北京时间)
2025-11-05 19:30:17,744 - INFO - trump:669 - 等待600秒后再次检查...
2025-11-05 19:40:19,096 - INFO - trump:305 - 成功提取98篇有效文章（已过滤短内容）
2025-11-05 19:40:19,098 - INFO - trump:653 - 无新文章，当前最新文章时间: 2025-11-05 11:58:00+08:00 (北京时间)
2025-11-05 19:40:19,098 - INFO - trump:658 - 更新上次检查时间为: 2025-11-05 19:40:19.098631+08:00 (北京时间)
2025-11-05 19:40:19,098 - INFO - trump:669 - 等待600秒后再次检查...
2025-11-05 19:50:21,221 - INFO - trump:305 - 成功提取98篇有效文章（已过滤短内容）
2025-11-05 19:50:21,224 - INFO - trump:653 - 无新文章，当前最新文章时间: 2025-11-05 11:58:00+08:00 (北京时间)
2025-11-05 19:50:21,224 - INFO - trump:658 - 更新上次检查时间为: 2025-11-05 19:50:21.224259+08:00 (北京时间)
2025-11-05 19:50:21,224 - INFO - trump:669 - 等待600秒后再次检查...
2025-11-05 20:00:24,175 - INFO - trump:305 - 成功提取98篇有效文章（已过滤短内容）
2025-11-05 20:00:24,178 - INFO - trump:653 - 无新文章，当前最新文章时间: 2025-11-05 11:58:00+08:00 (北京时间)
2025-11-05 20:00:24,178 - INFO - trump:658 - 更新上次检查时间为: 2025-11-05 20:00:24.178364+08:00 (北京时间)
2025-11-05 20:00:24,178 - INFO - trump:669 - 等待600秒后再次检查...
2025-11-05 20:10:25,356 - INFO - trump:305 - 成功提取98篇有效文章（已过滤短内容）
2025-11-05 20:10:25,358 - INFO - trump:653 - 无新文章，当前最新文章时间: 2025-11-05 11:58:00+08:00 (北京时间)
2025-11-05 20:10:25,358 - INFO - trump:658 - 更新上次检查时间为: 2025-11-05 20:10:25.358854+08:00 (北京时间)
2025-11-05 20:10:25,358 - INFO - trump:669 - 等待600秒后再次检查...
2025-11-05 20:20:36,265 - INFO - trump:305 - 成功提取98篇有效文章（已过滤短内容）
2025-11-05 20:20:36,268 - INFO - trump:653 - 无新文章，当前最新文章时间: 2025-11-05 11:58:00+08:00 (北京时间)
2025-11-05 20:20:36,268 - INFO - trump:658 - 更新上次检查时间为: 2025-11-05 20:20:36.268366+08:00 (北京时间)
2025-11-05 20:20:36,268 - INFO - trump:669 - 等待600秒后再次检查...
2025-11-05 20:30:42,227 - INFO - trump:305 - 成功提取98篇有效文章（已过滤短内容）
2025-11-05 20:30:42,229 - INFO - trump:653 - 无新文章，当前最新文章时间: 2025-11-05 11:58:00+08:00 (北京时间)
2025-11-05 20:30:42,229 - INFO - trump:658 - 更新上次检查时间为: 2025-11-05 20:30:42.229785+08:00 (北京时间)
2025-11-05 20:30:42,229 - INFO - trump:669 - 等待600秒后再次检查...
2025-11-05 20:40:48,074 - INFO - trump:305 - 成功提取98篇有效文章（已过滤短内容）
2025-11-05 20:40:48,076 - INFO - trump:653 - 无新文章，当前最新文章时间: 2025-11-05 11:58:00+08:00 (北京时间)
2025-11-05 20:40:48,076 - INFO - trump:658 - 更新上次检查时间为: 2025-11-05 20:40:48.076460+08:00 (北京时间)
2025-11-05 20:40:48,076 - INFO - trump:669 - 等待600秒后再次检查...
2025-11-05 20:50:57,150 - INFO - trump:305 - 成功提取98篇有效文章（已过滤短内容）
2025-11-05 20:50:57,152 - INFO - trump:653 - 无新文章，当前最新文章时间: 2025-11-05 11:58:00+08:00 (北京时间)
2025-11-05 20:50:57,152 - INFO - trump:658 - 更新上次检查时间为: 2025-11-05 20:50:57.152613+08:00 (北京时间)
2025-11-05 20:50:57,152 - INFO - trump:669 - 等待600秒后再次检查...
2025-11-05 21:01:05,840 - INFO - trump:305 - 成功提取98篇有效文章（已过滤短内容）
2025-11-05 21:01:05,843 - INFO - trump:653 - 无新文章，当前最新文章时间: 2025-11-05 11:58:00+08:00 (北京时间)
2025-11-05 21:01:05,843 - INFO - trump:658 - 更新上次检查时间为: 2025-11-05 21:01:05.843304+08:00 (北京时间)
2025-11-05 21:01:05,843 - INFO - trump:669 - 等待600秒后再次检查...
2025-11-05 21:11:11,717 - INFO - trump:305 - 成功提取98篇有效文章（已过滤短内容）
2025-11-05 21:11:11,720 - INFO - trump:653 - 无新文章，当前最新文章时间: 2025-11-05 11:58:00+08:00 (北京时间)
2025-11-05 21:11:11,720 - INFO - trump:658 - 更新上次检查时间为: 2025-11-05 21:11:11.720366+08:00 (北京时间)
2025-11-05 21:11:11,720 - INFO - trump:669 - 等待600秒后再次检查...
2025-11-05 21:21:14,592 - INFO - trump:305 - 成功提取98篇有效文章（已过滤短内容）
2025-11-05 21:21:14,594 - INFO - trump:653 - 无新文章，当前最新文章时间: 2025-11-05 11:58:00+08:00 (北京时间)
2025-11-05 21:21:14,594 - INFO - trump:658 - 更新上次检查时间为: 2025-11-05 21:21:14.594711+08:00 (北京时间)
2025-11-05 21:21:14,594 - INFO - trump:669 - 等待600秒后再次检查...
2025-11-05 21:31:29,609 - WARNING - connectionpool:868 - Retrying (Retry(total=2, connect=None, read=None, redirect=None, status=None)) after connection broken by 'ReadTimeoutError("HTTPSConnectionPool(host='trumpstruth.org', port=443): Read timed out. (read timeout=15)")': /feed
2025-11-05 21:31:46,615 - WARNING - connectionpool:868 - Retrying (Retry(total=1, connect=None, read=None, redirect=None, status=None)) after connection broken by 'ReadTimeoutError("HTTPSConnectionPool(host='trumpstruth.org', port=443): Read timed out. (read timeout=15)")': /feed
2025-11-05 21:32:05,622 - WARNING - connectionpool:868 - Retrying (Retry(total=0, connect=None, read=None, redirect=None, status=None)) after connection broken by 'ReadTimeoutError("HTTPSConnectionPool(host='trumpstruth.org', port=443): Read timed out. (read timeout=15)")': /feed
2025-11-05 21:32:10,628 - ERROR - trump:252 - 获取网页失败: HTTPSConnectionPool(host='trumpstruth.org', port=443): Max retries exceeded with url: /feed (Caused by ProtocolError('Connection aborted.', ConnectionResetError(54, 'Connection reset by peer')))
2025-11-05 21:32:10,628 - INFO - trump:632 - 未获取到网页内容
2025-11-05 21:32:10,629 - INFO - trump:669 - 等待600秒后再次检查...
2025-11-05 21:42:15,488 - INFO - trump:305 - 成功提取98篇有效文章（已过滤短内容）
2025-11-05 21:42:15,490 - INFO - trump:653 - 无新文章，当前最新文章时间: 2025-11-05 11:58:00+08:00 (北京时间)
2025-11-05 21:42:15,490 - INFO - trump:658 - 更新上次检查时间为: 2025-11-05 21:42:15.490459+08:00 (北京时间)
2025-11-05 21:42:15,490 - INFO - trump:669 - 等待600秒后再次检查...
2025-11-05 21:52:18,645 - INFO - trump:305 - 成功提取98篇有效文章（已过滤短内容）
2025-11-05 21:52:18,648 - INFO - trump:653 - 无新文章，当前最新文章时间: 2025-11-05 11:58:00+08:00 (北京时间)
2025-11-05 21:52:18,648 - INFO - trump:658 - 更新上次检查时间为: 2025-11-05 21:52:18.648476+08:00 (北京时间)
2025-11-05 21:52:18,648 - INFO - trump:669 - 等待600秒后再次检查...
2025-11-05 22:02:23,728 - INFO - trump:305 - 成功提取97篇有效文章（已过滤短内容）
2025-11-05 22:02:23,730 - INFO - trump:653 - 无新文章，当前最新文章时间: 2025-11-05 11:58:00+08:00 (北京时间)
2025-11-05 22:02:23,731 - INFO - trump:658 - 更新上次检查时间为: 2025-11-05 22:02:23.731021+08:00 (北京时间)
2025-11-05 22:02:23,731 - INFO - trump:669 - 等待600秒后再次检查...
2025-11-05 22:12:30,285 - INFO - trump:305 - 成功提取97篇有效文章（已过滤短内容）
2025-11-05 22:12:30,287 - INFO - trump:653 - 无新文章，当前最新文章时间: 2025-11-05 11:58:00+08:00 (北京时间)
2025-11-05 22:12:30,287 - INFO - trump:658 - 更新上次检查时间为: 2025-11-05 22:12:30.287737+08:00 (北京时间)
2025-11-05 22:12:30,287 - INFO - trump:669 - 等待600秒后再次检查...
2025-11-05 22:22:34,735 - INFO - trump:305 - 成功提取97篇有效文章（已过滤短内容）
2025-11-05 22:22:34,737 - INFO - trump:653 - 无新文章，当前最新文章时间: 2025-11-05 11:58:00+08:00 (北京时间)
2025-11-05 22:22:34,737 - INFO - trump:658 - 更新上次检查时间为: 2025-11-05 22:22:34.737492+08:00 (北京时间)
2025-11-05 22:22:34,737 - INFO - trump:669 - 等待600秒后再次检查...
2025-11-05 22:32:42,270 - INFO - trump:305 - 成功提取97篇有效文章（已过滤短内容）
2025-11-05 22:32:42,273 - INFO - trump:653 - 无新文章，当前最新文章时间: 2025-11-05 11:58:00+08:00 (北京时间)
2025-11-05 22:32:42,273 - INFO - trump:658 - 更新上次检查时间为: 2025-11-05 22:32:42.273346+08:00 (北京时间)
2025-11-05 22:32:42,273 - INFO - trump:669 - 等待600秒后再次检查...
2025-11-05 22:42:47,390 - INFO - trump:305 - 成功提取97篇有效文章（已过滤短内容）
2025-11-05 22:42:47,393 - INFO - trump:658 - 更新上次检查时间为: 2025-11-05 22:42:47.393100+08:00 (北京时间)
2025-11-05 22:42:47,393 - INFO - trump:669 - 等待600秒后再次检查...
2025-11-05 22:52:50,125 - INFO - trump:305 - 成功提取97篇有效文章（已过滤短内容）
2025-11-05 22:52:50,127 - INFO - trump:653 - 无新文章，当前最新文章时间: 2025-11-05 22:32:51+08:00 (北京时间)
2025-11-05 22:52:50,127 - INFO - trump:658 - 更新上次检查时间为: 2025-11-05 22:52:50.127633+08:00 (北京时间)
2025-11-05 22:52:50,127 - INFO - trump:669 - 等待600秒后再次检查...
2025-11-05 23:03:02,445 - INFO - trump:305 - 成功提取97篇有效文章（已过滤短内容）
2025-11-05 23:03:02,447 - INFO - trump:653 - 无新文章，当前最新文章时间: 2025-11-05 22:32:51+08:00 (北京时间)
2025-11-05 23:03:02,448 - INFO - trump:658 - 更新上次检查时间为: 2025-11-05 23:03:02.448010+08:00 (北京时间)
2025-11-05 23:03:02,448 - INFO - trump:669 - 等待600秒后再次检查...
2025-11-05 23:13:06,902 - INFO - trump:305 - 成功提取97篇有效文章（已过滤短内容）
2025-11-05 23:13:06,904 - INFO - trump:653 - 无新文章，当前最新文章时间: 2025-11-05 22:32:51+08:00 (北京时间)
2025-11-05 23:13:06,904 - INFO - trump:658 - 更新上次检查时间为: 2025-11-05 23:13:06.904251+08:00 (北京时间)
2025-11-05 23:13:06,904 - INFO - trump:669 - 等待600秒后再次检查...
2025-11-05 23:23:19,353 - INFO - trump:305 - 成功提取97篇有效文章（已过滤短内容）
2025-11-05 23:23:19,355 - INFO - trump:653 - 无新文章，当前最新文章时间: 2025-11-05 22:32:51+08:00 (北京时间)
2025-11-05 23:23:19,355 - INFO - trump:658 - 更新上次检查时间为: 2025-11-05 23:23:19.355224+08:00 (北京时间)
2025-11-05 23:23:19,355 - INFO - trump:669 - 等待600秒后再次检查...
2025-11-05 23:33:28,678 - INFO - trump:305 - 成功提取97篇有效文章（已过滤短内容）
2025-11-05 23:33:28,680 - INFO - trump:658 - 更新上次检查时间为: 2025-11-05 23:33:28.680202+08:00 (北京时间)
2025-11-05 23:33:28,680 - INFO - trump:669 - 等待600秒后再次检查...
2025-11-05 23:43:43,132 - INFO - trump:305 - 成功提取97篇有效文章（已过滤短内容）
2025-11-05 23:43:43,134 - INFO - trump:653 - 无新文章，当前最新文章时间: 2025-11-05 23:28:27+08:00 (北京时间)
2025-11-05 23:43:43,134 - INFO - trump:658 - 更新上次检查时间为: 2025-11-05 23:43:43.134848+08:00 (北京时间)
2025-11-05 23:43:43,134 - INFO - trump:669 - 等待600秒后再次检查...
2025-11-05 23:53:50,574 - INFO - trump:305 - 成功提取97篇有效文章（已过滤短内容）
2025-11-05 23:53:50,576 - INFO - trump:653 - 无新文章，当前最新文章时间: 2025-11-05 23:28:27+08:00 (北京时间)
2025-11-05 23:53:50,576 - INFO - trump:658 - 更新上次检查时间为: 2025-11-05 23:53:50.576801+08:00 (北京时间)
2025-11-05 23:53:50,576 - INFO - trump:669 - 等待600秒后再次检查...
2025-11-06 00:03:57,088 - INFO - trump:305 - 成功提取97篇有效文章（已过滤短内容）
2025-11-06 00:03:57,090 - INFO - trump:653 - 无新文章，当前最新文章时间: 2025-11-05 23:28:27+08:00 (北京时间)
2025-11-06 00:03:57,090 - INFO - trump:658 - 更新上次检查时间为: 2025-11-06 00:03:57.090873+08:00 (北京时间)
2025-11-06 00:03:57,090 - INFO - trump:669 - 等待600秒后再次检查...
2025-11-06 00:14:02,120 - INFO - trump:305 - 成功提取97篇有效文章（已过滤短内容）
2025-11-06 00:14:02,123 - INFO - trump:653 - 无新文章，当前最新文章时间: 2025-11-05 23:28:27+08:00 (北京时间)
2025-11-06 00:14:02,123 - INFO - trump:658 - 更新上次检查时间为: 2025-11-06 00:14:02.123073+08:00 (北京时间)
2025-11-06 00:14:02,123 - INFO - trump:669 - 等待600秒后再次检查...
2025-11-06 00:24:08,654 - INFO - trump:305 - 成功提取97篇有效文章（已过滤短内容）
2025-11-06 00:24:08,656 - INFO - trump:653 - 无新文章，当前最新文章时间: 2025-11-05 23:28:27+08:00 (北京时间)
2025-11-06 00:24:08,656 - INFO - trump:658 - 更新上次检查时间为: 2025-11-06 00:24:08.656780+08:00 (北京时间)
2025-11-06 00:24:08,656 - INFO - trump:669 - 等待600秒后再次检查...
2025-11-06 00:34:13,667 - INFO - trump:305 - 成功提取97篇有效文章（已过滤短内容）
2025-11-06 00:34:13,670 - INFO - trump:653 - 无新文章，当前最新文章时间: 2025-11-05 23:28:27+08:00 (北京时间)
2025-11-06 00:34:13,670 - INFO - trump:658 - 更新上次检查时间为: 2025-11-06 00:34:13.670078+08:00 (北京时间)
2025-11-06 00:34:13,670 - INFO - trump:669 - 等待600秒后再次检查...
2025-11-06 00:44:18,582 - INFO - trump:305 - 成功提取97篇有效文章（已过滤短内容）
2025-11-06 00:44:18,584 - INFO - trump:653 - 无新文章，当前最新文章时间: 2025-11-05 23:28:27+08:00 (北京时间)
2025-11-06 00:44:18,584 - INFO - trump:658 - 更新上次检查时间为: 2025-11-06 00:44:18.584219+08:00 (北京时间)
2025-11-06 00:44:18,584 - INFO - trump:669 - 等待600秒后再次检查...
2025-11-06 00:54:20,838 - INFO - trump:305 - 成功提取97篇有效文章（已过滤短内容）
2025-11-06 00:54:20,841 - INFO - trump:653 - 无新文章，当前最新文章时间: 2025-11-05 23:28:27+08:00 (北京时间)
2025-11-06 00:54:20,841 - INFO - trump:658 - 更新上次检查时间为: 2025-11-06 00:54:20.841082+08:00 (北京时间)
2025-11-06 00:54:20,841 - INFO - trump:669 - 等待600秒后再次检查...
2025-11-06 01:04:26,092 - INFO - trump:305 - 成功提取97篇有效文章（已过滤短内容）
2025-11-06 01:04:26,094 - INFO - trump:653 - 无新文章，当前最新文章时间: 2025-11-05 23:28:27+08:00 (北京时间)
2025-11-06 01:04:26,095 - INFO - trump:658 - 更新上次检查时间为: 2025-11-06 01:04:26.095002+08:00 (北京时间)
2025-11-06 01:04:26,095 - INFO - trump:669 - 等待600秒后再次检查...
2025-11-06 01:14:28,970 - INFO - trump:305 - 成功提取97篇有效文章（已过滤短内容）
2025-11-06 01:14:28,972 - INFO - trump:653 - 无新文章，当前最新文章时间: 2025-11-05 23:28:27+08:00 (北京时间)
2025-11-06 01:14:28,972 - INFO - trump:658 - 更新上次检查时间为: 2025-11-06 01:14:28.972346+08:00 (北京时间)
2025-11-06 01:14:28,972 - INFO - trump:669 - 等待600秒后再次检查...
2025-11-06 01:24:31,040 - INFO - trump:305 - 成功提取97篇有效文章（已过滤短内容）
2025-11-06 01:24:31,042 - INFO - trump:653 - 无新文章，当前最新文章时间: 2025-11-05 23:28:27+08:00 (北京时间)
2025-11-06 01:24:31,042 - INFO - trump:658 - 更新上次检查时间为: 2025-11-06 01:24:31.042896+08:00 (北京时间)
2025-11-06 01:24:31,042 - INFO - trump:669 - 等待600秒后再次检查...
2025-11-06 01:34:33,301 - INFO - trump:305 - 成功提取97篇有效文章（已过滤短内容）
2025-11-06 01:34:33,304 - INFO - trump:653 - 无新文章，当前最新文章时间: 2025-11-05 23:28:27+08:00 (北京时间)
2025-11-06 01:34:33,304 - INFO - trump:658 - 更新上次检查时间为: 2025-11-06 01:34:33.304349+08:00 (北京时间)
2025-11-06 01:34:33,304 - INFO - trump:669 - 等待600秒后再次检查...
2025-11-06 01:44:34,342 - INFO - trump:305 - 成功提取97篇有效文章（已过滤短内容）
2025-11-06 01:44:34,343 - INFO - trump:653 - 无新文章，当前最新文章时间: 2025-11-05 23:28:27+08:00 (北京时间)
2025-11-06 01:44:34,344 - INFO - trump:658 - 更新上次检查时间为: 2025-11-06 01:44:34.344025+08:00 (北京时间)
2025-11-06 01:44:34,344 - INFO - trump:669 - 等待600秒后再次检查...
2025-11-06 01:54:35,658 - INFO - trump:305 - 成功提取97篇有效文章（已过滤短内容）
2025-11-06 01:54:35,661 - INFO - trump:653 - 无新文章，当前最新文章时间: 2025-11-05 23:28:27+08:00 (北京时间)
2025-11-06 01:54:35,661 - INFO - trump:658 - 更新上次检查时间为: 2025-11-06 01:54:35.661191+08:00 (北京时间)
2025-11-06 01:54:35,661 - INFO - trump:669 - 等待600秒后再次检查...
2025-11-06 02:04:36,484 - ERROR - trump:252 - 获取网页失败: 415 Client Error: Unsupported Media Type for url: https://trumpstruth.org/feed
2025-11-06 02:04:36,484 - INFO - trump:632 - 未获取到网页内容
2025-11-06 02:04:36,484 - INFO - trump:669 - 等待600秒后再次检查...
2025-11-06 02:14:37,451 - ERROR - trump:252 - 获取网页失败: 415 Client Error: Unsupported Media Type for url: https://trumpstruth.org/feed
2025-11-06 02:14:37,452 - INFO - trump:632 - 未获取到网页内容
2025-11-06 02:14:37,452 - INFO - trump:669 - 等待600秒后再次检查...
2025-11-06 02:24:38,285 - ERROR - trump:252 - 获取网页失败: 415 Client Error: Unsupported Media Type for url: https://trumpstruth.org/feed
2025-11-06 02:24:38,285 - INFO - trump:632 - 未获取到网页内容
2025-11-06 02:24:38,285 - INFO - trump:669 - 等待600秒后再次检查...
2025-11-06 02:34:39,124 - ERROR - trump:252 - 获取网页失败: 415 Client Error: Unsupported Media Type for url: https://trumpstruth.org/feed
2025-11-06 02:34:39,125 - INFO - trump:632 - 未获取到网页内容
2025-11-06 02:34:39,125 - INFO - trump:669 - 等待600秒后再次检查...
2025-11-06 02:44:39,928 - ERROR - trump:252 - 获取网页失败: 415 Client Error: Unsupported Media Type for url: https://trumpstruth.org/feed
2025-11-06 02:44:39,928 - INFO - trump:632 - 未获取到网页内容
2025-11-06 02:44:39,929 - INFO - trump:669 - 等待600秒后再次检查...
2025-11-06 02:54:40,928 - ERROR - trump:252 - 获取网页失败: 415 Client Error: Unsupported Media Type for url: https://trumpstruth.org/feed
2025-11-06 02:54:40,929 - INFO - trump:632 - 未获取到网页内容
2025-11-06 02:54:40,929 - INFO - trump:669 - 等待600秒后再次检查...
2025-11-06 03:04:41,747 - ERROR - trump:252 - 获取网页失败: 415 Client Error: Unsupported Media Type for url: https://trumpstruth.org/feed
2025-11-06 03:04:41,748 - INFO - trump:632 - 未获取到网页内容
2025-11-06 03:04:41,748 - INFO - trump:669 - 等待600秒后再次检查...
2025-11-06 03:14:42,571 - ERROR - trump:252 - 获取网页失败: 415 Client Error: Unsupported Media Type for url: https://trumpstruth.org/feed
2025-11-06 03:14:42,571 - INFO - trump:632 - 未获取到网页内容
2025-11-06 03:14:42,571 - INFO - trump:669 - 等待600秒后再次检查...
2025-11-06 03:24:57,590 - WARNING - connectionpool:868 - Retrying (Retry(total=2, connect=None, read=None, redirect=None, status=None)) after connection broken by 'ReadTimeoutError("HTTPSConnectionPool(host='trumpstruth.org', port=443): Read timed out. (read timeout=15)")': /feed
2025-11-06 03:25:04,679 - WARNING - connectionpool:868 - Retrying (Retry(total=1, connect=None, read=None, redirect=None, status=None)) after connection broken by 'ConnectionResetError(54, 'Connection reset by peer')': /feed
2025-11-06 03:25:13,771 - WARNING - connectionpool:868 - Retrying (Retry(total=0, connect=None, read=None, redirect=None, status=None)) after connection broken by 'ConnectionResetError(54, 'Connection reset by peer')': /feed
2025-11-06 03:25:14,560 - ERROR - trump:252 - 获取网页失败: 415 Client Error: Unsupported Media Type for url: https://trumpstruth.org/feed
2025-11-06 03:25:14,560 - INFO - trump:632 - 未获取到网页内容
2025-11-06 03:25:14,560 - INFO - trump:669 - 等待600秒后再次检查...
2025-11-06 03:35:15,454 - ERROR - trump:252 - 获取网页失败: 415 Client Error: Unsupported Media Type for url: https://trumpstruth.org/feed
2025-11-06 03:35:15,455 - INFO - trump:632 - 未获取到网页内容
2025-11-06 03:35:15,455 - INFO - trump:669 - 等待600秒后再次检查...
2025-11-06 03:45:20,591 - ERROR - trump:252 - 获取网页失败: 415 Client Error: Unsupported Media Type for url: https://trumpstruth.org/feed
2025-11-06 03:45:20,591 - INFO - trump:632 - 未获取到网页内容
2025-11-06 03:45:20,592 - INFO - trump:669 - 等待600秒后再次检查...
2025-11-06 03:55:21,697 - ERROR - trump:252 - 获取网页失败: 415 Client Error: Unsupported Media Type for url: https://trumpstruth.org/feed
2025-11-06 03:55:21,697 - INFO - trump:632 - 未获取到网页内容
2025-11-06 03:55:21,697 - INFO - trump:669 - 等待600秒后再次检查...
2025-11-06 04:05:22,190 - ERROR - trump:252 - 获取网页失败: 415 Client Error: Unsupported Media Type for url: https://trumpstruth.org/feed
2025-11-06 04:05:22,191 - INFO - trump:632 - 未获取到网页内容
2025-11-06 04:05:22,191 - INFO - trump:669 - 等待600秒后再次检查...
2025-11-06 04:15:23,105 - ERROR - trump:252 - 获取网页失败: 415 Client Error: Unsupported Media Type for url: https://trumpstruth.org/feed
2025-11-06 04:15:23,105 - INFO - trump:632 - 未获取到网页内容
2025-11-06 04:15:23,105 - INFO - trump:669 - 等待600秒后再次检查...
2025-11-06 04:25:23,928 - ERROR - trump:252 - 获取网页失败: 415 Client Error: Unsupported Media Type for url: https://trumpstruth.org/feed
2025-11-06 04:25:23,928 - INFO - trump:632 - 未获取到网页内容
2025-11-06 04:25:23,928 - INFO - trump:669 - 等待600秒后再次检查...
2025-11-06 04:35:24,844 - ERROR - trump:252 - 获取网页失败: 415 Client Error: Unsupported Media Type for url: https://trumpstruth.org/feed
2025-11-06 04:35:24,845 - INFO - trump:632 - 未获取到网页内容
2025-11-06 04:35:24,845 - INFO - trump:669 - 等待600秒后再次检查...
2025-11-06 04:45:25,714 - ERROR - trump:252 - 获取网页失败: 415 Client Error: Unsupported Media Type for url: https://trumpstruth.org/feed
2025-11-06 04:45:25,715 - INFO - trump:632 - 未获取到网页内容
2025-11-06 04:45:25,715 - INFO - trump:669 - 等待600秒后再次检查...
2025-11-06 04:55:24,707 - ERROR - trump:252 - 获取网页失败: 415 Client Error: Unsupported Media Type for url: https://trumpstruth.org/feed
2025-11-06 04:55:24,708 - INFO - trump:632 - 未获取到网页内容
2025-11-06 04:55:24,708 - INFO - trump:669 - 等待600秒后再次检查...
2025-11-06 05:05:25,536 - ERROR - trump:252 - 获取网页失败: 415 Client Error: Unsupported Media Type for url: https://trumpstruth.org/feed
2025-11-06 05:05:25,537 - INFO - trump:632 - 未获取到网页内容
2025-11-06 05:05:25,537 - INFO - trump:669 - 等待600秒后再次检查...
2025-11-06 05:15:26,476 - ERROR - trump:252 - 获取网页失败: 415 Client Error: Unsupported Media Type for url: https://trumpstruth.org/feed
2025-11-06 05:15:26,477 - INFO - trump:632 - 未获取到网页内容
2025-11-06 05:15:26,477 - INFO - trump:669 - 等待600秒后再次检查...
2025-11-06 05:25:29,229 - ERROR - trump:252 - 获取网页失败: 415 Client Error: Unsupported Media Type for url: https://trumpstruth.org/feed
2025-11-06 05:25:29,230 - INFO - trump:632 - 未获取到网页内容
2025-11-06 05:25:29,230 - INFO - trump:669 - 等待600秒后再次检查...
2025-11-06 05:35:30,210 - ERROR - trump:252 - 获取网页失败: 415 Client Error: Unsupported Media Type for url: https://trumpstruth.org/feed
2025-11-06 05:35:30,210 - INFO - trump:632 - 未获取到网页内容
2025-11-06 05:35:30,210 - INFO - trump:669 - 等待600秒后再次检查...
2025-11-06 05:45:31,061 - ERROR - trump:252 - 获取网页失败: 415 Client Error: Unsupported Media Type for url: https://trumpstruth.org/feed
2025-11-06 05:45:31,061 - INFO - trump:632 - 未获取到网页内容
2025-11-06 05:45:31,061 - INFO - trump:669 - 等待600秒后再次检查...
2025-11-06 05:55:31,927 - ERROR - trump:252 - 获取网页失败: 415 Client Error: Unsupported Media Type for url: https://trumpstruth.org/feed
2025-11-06 05:55:31,927 - INFO - trump:632 - 未获取到网页内容
2025-11-06 05:55:31,928 - INFO - trump:669 - 等待600秒后再次检查...
2025-11-06 06:05:33,328 - ERROR - trump:252 - 获取网页失败: 415 Client Error: Unsupported Media Type for url: https://trumpstruth.org/feed
2025-11-06 06:05:33,328 - INFO - trump:632 - 未获取到网页内容
2025-11-06 06:05:33,329 - INFO - trump:669 - 等待600秒后再次检查...
2025-11-06 06:15:34,744 - ERROR - trump:252 - 获取网页失败: 415 Client Error: Unsupported Media Type for url: https://trumpstruth.org/feed
2025-11-06 06:15:34,745 - INFO - trump:632 - 未获取到网页内容
2025-11-06 06:15:34,745 - INFO - trump:669 - 等待600秒后再次检查...
2025-11-06 06:25:35,619 - ERROR - trump:252 - 获取网页失败: 415 Client Error: Unsupported Media Type for url: https://trumpstruth.org/feed
2025-11-06 06:25:35,619 - INFO - trump:632 - 未获取到网页内容
2025-11-06 06:25:35,619 - INFO - trump:669 - 等待600秒后再次检查...
2025-11-06 06:35:36,469 - ERROR - trump:252 - 获取网页失败: 415 Client Error: Unsupported Media Type for url: https://trumpstruth.org/feed
2025-11-06 06:35:36,469 - INFO - trump:632 - 未获取到网页内容
2025-11-06 06:35:36,469 - INFO - trump:669 - 等待600秒后再次检查...
2025-11-06 06:45:37,298 - ERROR - trump:252 - 获取网页失败: 415 Client Error: Unsupported Media Type for url: https://trumpstruth.org/feed
2025-11-06 06:45:37,300 - INFO - trump:632 - 未获取到网页内容
2025-11-06 06:45:37,300 - INFO - trump:669 - 等待600秒后再次检查...
2025-11-06 06:55:38,344 - ERROR - trump:252 - 获取网页失败: 415 Client Error: Unsupported Media Type for url: https://trumpstruth.org/feed
2025-11-06 06:55:38,344 - INFO - trump:632 - 未获取到网页内容
2025-11-06 06:55:38,344 - INFO - trump:669 - 等待600秒后再次检查...
2025-11-06 07:05:39,843 - ERROR - trump:252 - 获取网页失败: 415 Client Error: Unsupported Media Type for url: https://trumpstruth.org/feed
2025-11-06 07:05:39,844 - INFO - trump:632 - 未获取到网页内容
2025-11-06 07:05:39,844 - INFO - trump:669 - 等待600秒后再次检查...
2025-11-06 07:15:40,737 - ERROR - trump:252 - 获取网页失败: 415 Client Error: Unsupported Media Type for url: https://trumpstruth.org/feed
2025-11-06 07:15:40,738 - INFO - trump:632 - 未获取到网页内容
2025-11-06 07:15:40,738 - INFO - trump:669 - 等待600秒后再次检查...
2025-11-06 07:25:41,601 - ERROR - trump:252 - 获取网页失败: 415 Client Error: Unsupported Media Type for url: https://trumpstruth.org/feed
2025-11-06 07:25:41,602 - INFO - trump:632 - 未获取到网页内容
2025-11-06 07:25:41,602 - INFO - trump:669 - 等待600秒后再次检查...
2025-11-06 07:35:42,459 - ERROR - trump:252 - 获取网页失败: 415 Client Error: Unsupported Media Type for url: https://trumpstruth.org/feed
2025-11-06 07:35:42,460 - INFO - trump:632 - 未获取到网页内容
2025-11-06 07:35:42,461 - INFO - trump:669 - 等待600秒后再次检查...
2025-11-06 07:45:50,691 - WARNING - connectionpool:868 - Retrying (Retry(total=2, connect=None, read=None, redirect=None, status=None)) after connection broken by 'ConnectionResetError(54, 'Connection reset by peer')': /feed
2025-11-06 07:46:07,706 - WARNING - connectionpool:868 - Retrying (Retry(total=1, connect=None, read=None, redirect=None, status=None)) after connection broken by 'ReadTimeoutError("HTTPSConnectionPool(host='trumpstruth.org', port=443): Read timed out. (read timeout=15)")': /feed
2025-11-06 07:46:26,715 - WARNING - connectionpool:868 - Retrying (Retry(total=0, connect=None, read=None, redirect=None, status=None)) after connection broken by 'ReadTimeoutError("HTTPSConnectionPool(host='trumpstruth.org', port=443): Read timed out. (read timeout=15)")': /feed
2025-11-06 07:46:31,560 - ERROR - trump:252 - 获取网页失败: 415 Client Error: Unsupported Media Type for url: https://trumpstruth.org/feed
2025-11-06 07:46:31,560 - INFO - trump:632 - 未获取到网页内容
2025-11-06 07:46:31,560 - INFO - trump:669 - 等待600秒后再次检查...
2025-11-06 07:56:32,594 - ERROR - trump:252 - 获取网页失败: 415 Client Error: Unsupported Media Type for url: https://trumpstruth.org/feed
2025-11-06 07:56:32,594 - INFO - trump:632 - 未获取到网页内容
2025-11-06 07:56:32,594 - INFO - trump:669 - 等待600秒后再次检查...
2025-11-06 08:06:33,426 - ERROR - trump:252 - 获取网页失败: 415 Client Error: Unsupported Media Type for url: https://trumpstruth.org/feed
2025-11-06 08:06:33,426 - INFO - trump:632 - 未获取到网页内容
2025-11-06 08:06:33,426 - INFO - trump:669 - 等待600秒后再次检查...
2025-11-06 08:16:34,252 - ERROR - trump:252 - 获取网页失败: 415 Client Error: Unsupported Media Type for url: https://trumpstruth.org/feed
2025-11-06 08:16:34,254 - INFO - trump:632 - 未获取到网页内容
2025-11-06 08:16:34,254 - INFO - trump:669 - 等待600秒后再次检查...
2025-11-06 08:26:35,074 - ERROR - trump:252 - 获取网页失败: 415 Client Error: Unsupported Media Type for url: https://trumpstruth.org/feed
2025-11-06 08:26:35,074 - INFO - trump:632 - 未获取到网页内容
2025-11-06 08:26:35,074 - INFO - trump:669 - 等待600秒后再次检查...
2025-11-06 08:36:36,088 - ERROR - trump:252 - 获取网页失败: 415 Client Error: Unsupported Media Type for url: https://trumpstruth.org/feed
2025-11-06 08:36:36,089 - INFO - trump:632 - 未获取到网页内容
2025-11-06 08:36:36,090 - INFO - trump:669 - 等待600秒后再次检查...
2025-11-06 08:46:36,902 - ERROR - trump:252 - 获取网页失败: 415 Client Error: Unsupported Media Type for url: https://trumpstruth.org/feed
2025-11-06 08:46:36,903 - INFO - trump:632 - 未获取到网页内容
2025-11-06 08:46:36,903 - INFO - trump:669 - 等待600秒后再次检查...
2025-11-06 08:56:37,760 - ERROR - trump:252 - 获取网页失败: 415 Client Error: Unsupported Media Type for url: https://trumpstruth.org/feed
2025-11-06 08:56:37,760 - INFO - trump:632 - 未获取到网页内容
2025-11-06 08:56:37,760 - INFO - trump:669 - 等待600秒后再次检查...
2025-11-06 09:06:38,648 - ERROR - trump:252 - 获取网页失败: 415 Client Error: Unsupported Media Type for url: https://trumpstruth.org/feed
2025-11-06 09:06:38,649 - INFO - trump:632 - 未获取到网页内容
2025-11-06 09:06:38,649 - INFO - trump:669 - 等待600秒后再次检查...
2025-11-06 09:16:39,556 - ERROR - trump:252 - 获取网页失败: 415 Client Error: Unsupported Media Type for url: https://trumpstruth.org/feed
2025-11-06 09:16:39,556 - INFO - trump:632 - 未获取到网页内容
2025-11-06 09:16:39,556 - INFO - trump:669 - 等待600秒后再次检查...
2025-11-06 09:26:41,457 - INFO - trump:305 - 成功提取93篇有效文章（已过滤短内容）
2025-11-06 09:26:41,458 - INFO - trump:557 - 发现18篇新文章，进行合并分析...
2025-11-06 09:27:41,138 - WARNING - trump:431 - 经济影响评估返回非JSON格式，将进行文本处理
2025-11-06 09:27:41,139 - INFO - trump:565 - 经济影响评估等级: 0
2025-11-06 09:28:03,260 - INFO - trump:626 - 经济影响等级低于阈值(1)，不发送邮件和保存缓存
2025-11-06 09:28:03,260 - INFO - trump:658 - 更新上次检查时间为: 2025-11-06 09:28:03.260825+08:00 (北京时间)
2025-11-06 09:28:03,261 - INFO - trump:669 - 等待600秒后再次检查...
2025-11-06 09:38:04,355 - INFO - trump:305 - 成功提取93篇有效文章（已过滤短内容）
2025-11-06 09:38:04,358 - INFO - trump:653 - 无新文章，当前最新文章时间: 2025-11-06 07:43:17+08:00 (北京时间)
2025-11-06 09:38:04,358 - INFO - trump:658 - 更新上次检查时间为: 2025-11-06 09:38:04.358053+08:00 (北京时间)
2025-11-06 09:38:04,358 - INFO - trump:669 - 等待600秒后再次检查...
2025-11-06 09:48:06,163 - INFO - trump:305 - 成功提取93篇有效文章（已过滤短内容）
2025-11-06 09:48:06,165 - INFO - trump:653 - 无新文章，当前最新文章时间: 2025-11-06 07:43:17+08:00 (北京时间)
2025-11-06 09:48:06,165 - INFO - trump:658 - 更新上次检查时间为: 2025-11-06 09:48:06.165422+08:00 (北京时间)
2025-11-06 09:48:06,165 - INFO - trump:669 - 等待600秒后再次检查...
2025-11-06 09:58:04,153 - INFO - trump:305 - 成功提取93篇有效文章（已过滤短内容）
2025-11-06 09:58:04,155 - INFO - trump:653 - 无新文章，当前最新文章时间: 2025-11-06 07:43:17+08:00 (北京时间)
2025-11-06 09:58:04,155 - INFO - trump:658 - 更新上次检查时间为: 2025-11-06 09:58:04.155134+08:00 (北京时间)
2025-11-06 09:58:04,155 - INFO - trump:669 - 等待600秒后再次检查...
2025-11-06 10:08:05,158 - INFO - trump:305 - 成功提取93篇有效文章（已过滤短内容）
2025-11-06 10:08:05,160 - INFO - trump:653 - 无新文章，当前最新文章时间: 2025-11-06 07:43:17+08:00 (北京时间)
2025-11-06 10:08:05,160 - INFO - trump:658 - 更新上次检查时间为: 2025-11-06 10:08:05.160981+08:00 (北京时间)
2025-11-06 10:08:05,161 - INFO - trump:669 - 等待600秒后再次检查...
2025-11-06 10:18:05,819 - INFO - trump:305 - 成功提取93篇有效文章（已过滤短内容）
2025-11-06 10:18:05,822 - INFO - trump:653 - 无新文章，当前最新文章时间: 2025-11-06 07:43:17+08:00 (北京时间)
2025-11-06 10:18:05,822 - INFO - trump:658 - 更新上次检查时间为: 2025-11-06 10:18:05.822214+08:00 (北京时间)
2025-11-06 10:18:05,822 - INFO - trump:669 - 等待600秒后再次检查...
2025-11-06 10:28:06,696 - INFO - trump:305 - 成功提取93篇有效文章（已过滤短内容）
2025-11-06 10:28:06,697 - INFO - trump:653 - 无新文章，当前最新文章时间: 2025-11-06 07:43:17+08:00 (北京时间)
2025-11-06 10:28:06,697 - INFO - trump:658 - 更新上次检查时间为: 2025-11-06 10:28:06.697685+08:00 (北京时间)
2025-11-06 10:28:06,697 - INFO - trump:669 - 等待600秒后再次检查...
2025-11-06 10:38:09,045 - INFO - trump:305 - 成功提取93篇有效文章（已过滤短内容）
2025-11-06 10:38:09,047 - INFO - trump:653 - 无新文章，当前最新文章时间: 2025-11-06 07:43:17+08:00 (北京时间)
2025-11-06 10:38:09,047 - INFO - trump:658 - 更新上次检查时间为: 2025-11-06 10:38:09.047200+08:00 (北京时间)
2025-11-06 10:38:09,047 - INFO - trump:669 - 等待600秒后再次检查...
2025-11-06 10:48:10,211 - INFO - trump:305 - 成功提取93篇有效文章（已过滤短内容）
2025-11-06 10:48:10,212 - INFO - trump:653 - 无新文章，当前最新文章时间: 2025-11-06 07:43:17+08:00 (北京时间)
2025-11-06 10:48:10,212 - INFO - trump:658 - 更新上次检查时间为: 2025-11-06 10:48:10.212614+08:00 (北京时间)
2025-11-06 10:48:10,212 - INFO - trump:669 - 等待600秒后再次检查...
2025-11-06 10:58:13,353 - INFO - trump:305 - 成功提取93篇有效文章（已过滤短内容）
2025-11-06 10:58:13,355 - INFO - trump:653 - 无新文章，当前最新文章时间: 2025-11-06 07:43:17+08:00 (北京时间)
2025-11-06 10:58:13,355 - INFO - trump:658 - 更新上次检查时间为: 2025-11-06 10:58:13.355535+08:00 (北京时间)
2025-11-06 10:58:13,355 - INFO - trump:669 - 等待600秒后再次检查...
2025-11-06 11:08:14,546 - INFO - trump:305 - 成功提取93篇有效文章（已过滤短内容）
2025-11-06 11:08:14,548 - INFO - trump:653 - 无新文章，当前最新文章时间: 2025-11-06 07:43:17+08:00 (北京时间)
2025-11-06 11:08:14,548 - INFO - trump:658 - 更新上次检查时间为: 2025-11-06 11:08:14.548058+08:00 (北京时间)
2025-11-06 11:08:14,548 - INFO - trump:669 - 等待600秒后再次检查...
2025-11-06 11:18:19,564 - WARNING - connectionpool:868 - Retrying (Retry(total=2, connect=None, read=None, redirect=None, status=None)) after connection broken by 'ConnectionResetError(54, 'Connection reset by peer')': /feed
2025-11-06 11:18:21,105 - INFO - trump:305 - 成功提取93篇有效文章（已过滤短内容）
2025-11-06 11:18:21,107 - INFO - trump:653 - 无新文章，当前最新文章时间: 2025-11-06 07:43:17+08:00 (北京时间)
2025-11-06 11:18:21,107 - INFO - trump:658 - 更新上次检查时间为: 2025-11-06 11:18:21.107159+08:00 (北京时间)
2025-11-06 11:18:21,107 - INFO - trump:669 - 等待600秒后再次检查...
2025-11-06 11:28:23,429 - INFO - trump:305 - 成功提取93篇有效文章（已过滤短内容）
2025-11-06 11:28:23,431 - INFO - trump:653 - 无新文章，当前最新文章时间: 2025-11-06 07:43:17+08:00 (北京时间)
2025-11-06 11:28:23,431 - INFO - trump:658 - 更新上次检查时间为: 2025-11-06 11:28:23.431734+08:00 (北京时间)
2025-11-06 11:28:23,431 - INFO - trump:669 - 等待600秒后再次检查...
2025-11-06 11:38:24,522 - INFO - trump:305 - 成功提取93篇有效文章（已过滤短内容）
2025-11-06 11:38:24,524 - INFO - trump:653 - 无新文章，当前最新文章时间: 2025-11-06 07:43:17+08:00 (北京时间)
2025-11-06 11:38:24,525 - INFO - trump:658 - 更新上次检查时间为: 2025-11-06 11:38:24.525033+08:00 (北京时间)
2025-11-06 11:38:24,525 - INFO - trump:669 - 等待600秒后再次检查...
2025-11-06 11:48:25,529 - INFO - trump:305 - 成功提取93篇有效文章（已过滤短内容）
2025-11-06 11:48:25,531 - INFO - trump:653 - 无新文章，当前最新文章时间: 2025-11-06 07:43:17+08:00 (北京时间)
2025-11-06 11:48:25,531 - INFO - trump:658 - 更新上次检查时间为: 2025-11-06 11:48:25.531369+08:00 (北京时间)
2025-11-06 11:48:25,531 - INFO - trump:669 - 等待600秒后再次检查...
2025-11-06 11:58:27,738 - INFO - trump:305 - 成功提取93篇有效文章（已过滤短内容）
2025-11-06 11:58:27,740 - INFO - trump:653 - 无新文章，当前最新文章时间: 2025-11-06 07:43:17+08:00 (北京时间)
2025-11-06 11:58:27,740 - INFO - trump:658 - 更新上次检查时间为: 2025-11-06 11:58:27.740698+08:00 (北京时间)
2025-11-06 11:58:27,740 - INFO - trump:669 - 等待600秒后再次检查...
2025-11-06 12:08:28,537 - INFO - trump:305 - 成功提取93篇有效文章（已过滤短内容）
2025-11-06 12:08:28,539 - INFO - trump:653 - 无新文章，当前最新文章时间: 2025-11-06 07:43:17+08:00 (北京时间)
2025-11-06 12:08:28,539 - INFO - trump:658 - 更新上次检查时间为: 2025-11-06 12:08:28.539848+08:00 (北京时间)
2025-11-06 12:08:28,539 - INFO - trump:669 - 等待600秒后再次检查...
2025-11-06 12:18:29,304 - INFO - trump:305 - 成功提取93篇有效文章（已过滤短内容）
2025-11-06 12:18:29,305 - INFO - trump:653 - 无新文章，当前最新文章时间: 2025-11-06 07:43:17+08:00 (北京时间)
2025-11-06 12:18:29,305 - INFO - trump:658 - 更新上次检查时间为: 2025-11-06 12:18:29.305815+08:00 (北京时间)
2025-11-06 12:18:29,305 - INFO - trump:669 - 等待600秒后再次检查...
2025-11-06 12:28:30,413 - INFO - trump:305 - 成功提取93篇有效文章（已过滤短内容）
2025-11-06 12:28:30,415 - INFO - trump:653 - 无新文章，当前最新文章时间: 2025-11-06 07:43:17+08:00 (北京时间)
2025-11-06 12:28:30,415 - INFO - trump:658 - 更新上次检查时间为: 2025-11-06 12:28:30.415683+08:00 (北京时间)
2025-11-06 12:28:30,415 - INFO - trump:669 - 等待600秒后再次检查...
2025-11-06 12:38:31,424 - INFO - trump:305 - 成功提取93篇有效文章（已过滤短内容）
2025-11-06 12:38:31,425 - INFO - trump:653 - 无新文章，当前最新文章时间: 2025-11-06 07:43:17+08:00 (北京时间)
2025-11-06 12:38:31,426 - INFO - trump:658 - 更新上次检查时间为: 2025-11-06 12:38:31.425996+08:00 (北京时间)
2025-11-06 12:38:31,426 - INFO - trump:669 - 等待600秒后再次检查...
2025-11-06 12:48:32,598 - INFO - trump:305 - 成功提取93篇有效文章（已过滤短内容）
2025-11-06 12:48:32,600 - INFO - trump:653 - 无新文章，当前最新文章时间: 2025-11-06 07:43:17+08:00 (北京时间)
2025-11-06 12:48:32,600 - INFO - trump:658 - 更新上次检查时间为: 2025-11-06 12:48:32.600508+08:00 (北京时间)
2025-11-06 12:48:32,600 - INFO - trump:669 - 等待600秒后再次检查...
2025-11-06 12:58:36,863 - WARNING - connectionpool:868 - Retrying (Retry(total=2, connect=None, read=None, redirect=None, status=None)) after connection broken by 'ConnectionResetError(54, 'Connection reset by peer')': /feed
2025-11-06 12:58:37,589 - INFO - trump:305 - 成功提取93篇有效文章（已过滤短内容）
2025-11-06 12:58:37,591 - INFO - trump:653 - 无新文章，当前最新文章时间: 2025-11-06 07:43:17+08:00 (北京时间)
2025-11-06 12:58:37,591 - INFO - trump:658 - 更新上次检查时间为: 2025-11-06 12:58:37.591663+08:00 (北京时间)
2025-11-06 12:58:37,591 - INFO - trump:669 - 等待600秒后再次检查...
2025-11-06 13:08:40,113 - INFO - trump:305 - 成功提取93篇有效文章（已过滤短内容）
2025-11-06 13:08:40,115 - INFO - trump:653 - 无新文章，当前最新文章时间: 2025-11-06 07:43:17+08:00 (北京时间)
2025-11-06 13:08:40,115 - INFO - trump:658 - 更新上次检查时间为: 2025-11-06 13:08:40.115500+08:00 (北京时间)
2025-11-06 13:08:40,115 - INFO - trump:669 - 等待600秒后再次检查...
2025-11-06 13:18:41,824 - INFO - trump:305 - 成功提取93篇有效文章（已过滤短内容）
2025-11-06 13:18:41,826 - INFO - trump:653 - 无新文章，当前最新文章时间: 2025-11-06 07:43:17+08:00 (北京时间)
2025-11-06 13:18:41,826 - INFO - trump:658 - 更新上次检查时间为: 2025-11-06 13:18:41.826616+08:00 (北京时间)
2025-11-06 13:18:41,826 - INFO - trump:669 - 等待600秒后再次检查...
2025-11-06 13:27:55,141 - INFO - trump:126 - 初始化完成 - 每日汇总时间（北京时间）：['08:00', '20:00']
2025-11-06 13:27:55,141 - INFO - trump:127 - 每次汇总处理过去12小时内的新文章
2025-11-06 13:27:55,141 - INFO - trump:583 - 开始监控: https://trumpstruth.org/feed
2025-11-06 13:27:56,329 - INFO - trump:254 - 成功提取93篇有效文章（已过滤短内容）
2025-11-06 13:27:56,331 - INFO - trump:281 - 新增70篇候选文章，当前候选池共70篇
2025-11-06 13:27:56,331 - INFO - trump:593 - 等待300秒后再次检查...
2025-11-06 13:28:25,168 - INFO - trump:126 - 初始化完成 - 每日汇总时间（北京时间）：['08:00', '20:00']
2025-11-06 13:28:25,168 - INFO - trump:127 - 每次汇总处理过去12小时内的新文章
2025-11-06 13:28:25,168 - INFO - trump:583 - 开始监控: https://trumpstruth.org/feed
2025-11-06 13:28:25,875 - INFO - trump:254 - 成功提取95篇有效文章（已过滤短内容）
2025-11-06 13:28:25,879 - INFO - trump:281 - 新增72篇候选文章，当前候选池共72篇
2025-11-06 13:28:25,879 - INFO - trump:593 - 等待300秒后再次检查...
2025-11-06 13:31:12,783 - INFO - trump:123 - 初始化完成 - 每日检查时间（北京时间）：['08:00', '20:00']
2025-11-06 13:31:12,783 - INFO - trump:124 - 每次检查处理过去12小时内的新文章
2025-11-06 13:31:12,783 - INFO - trump:552 - 开始定时调度，检查时间（北京时间）：['08:00', '20:00']
2025-11-06 20:00:22,620 - INFO - trump:517 - 开始执行定时检查（2025-11-06 20:00:22 北京时间）
2025-11-06 20:00:22,622 - INFO - trump:526 - 时间窗口（北京时间）：2025-11-06 08:00 至 2025-11-06 20:00
2025-11-06 20:00:24,538 - INFO - trump:245 - 成功提取93篇有效文章（已过滤短内容）
2025-11-06 20:00:24,538 - INFO - trump:472 - 开始处理汇总批次（共1篇文章）...
2025-11-06 20:00:24,538 - INFO - trump:347 - 正在翻译第1/1篇文章...
2025-11-06 20:00:57,481 - INFO - trump:459 - 汇总分析邮件发送成功！收件人：aaroncheungzy@icloud.com
2025-11-06 20:00:57,482 - INFO - trump:548 - 本次定时检查完成
2025-11-06 23:09:44,573 - INFO - trump:123 - 初始化完成 - 每日检查时间（北京时间）：['10:00', '22:00']
2025-11-06 23:09:44,573 - INFO - trump:124 - 每次检查处理过去12小时内的新文章
2025-11-06 23:09:44,573 - INFO - trump:549 - 开始定时调度，检查时间（北京时间）：['10:00', '22:00']
2025-11-07 10:00:24,764 - INFO - trump:514 - 开始执行定时检查（2025-11-07 10:00:24 北京时间）
2025-11-07 10:00:24,766 - INFO - trump:523 - 时间窗口（北京时间）：2025-11-06 22:00 至 2025-11-07 10:00
2025-11-07 10:00:39,778 - WARNING - connectionpool:868 - Retrying (Retry(total=2, connect=None, read=None, redirect=None, status=None)) after connection broken by 'ReadTimeoutError("HTTPSConnectionPool(host='trumpstruth.org', port=443): Read timed out. (read timeout=15)")': /feed
2025-11-07 10:00:46,935 - WARNING - connectionpool:868 - Retrying (Retry(total=1, connect=None, read=None, redirect=None, status=None)) after connection broken by 'ConnectionResetError(54, 'Connection reset by peer')': /feed
2025-11-07 10:01:05,943 - WARNING - connectionpool:868 - Retrying (Retry(total=0, connect=None, read=None, redirect=None, status=None)) after connection broken by 'ReadTimeoutError("HTTPSConnectionPool(host='trumpstruth.org', port=443): Read timed out. (read timeout=15)")': /feed
2025-11-07 10:01:20,947 - ERROR - trump:186 - 获取网页失败: HTTPSConnectionPool(host='trumpstruth.org', port=443): Max retries exceeded with url: /feed (Caused by ReadTimeoutError("HTTPSConnectionPool(host='trumpstruth.org', port=443): Read timed out. (read timeout=15)"))
2025-11-07 10:01:20,948 - INFO - trump:528 - 未获取到网页内容，本次检查结束
2025-11-07 12:04:45,752 - INFO - trump:123 - 初始化完成 - 每日检查时间（北京时间）：['10:00', '22:00']
2025-11-07 12:04:45,752 - INFO - trump:124 - 每次检查处理过去12小时内的新文章
2025-11-07 12:04:45,752 - INFO - trump:549 - 开始定时调度，检查时间（北京时间）：['10:00', '22:00']
2025-11-07 12:05:05,690 - INFO - trump:123 - 初始化完成 - 每日检查时间（北京时间）：['12:05', '22:00']
2025-11-07 12:05:05,690 - INFO - trump:124 - 每次检查处理过去12小时内的新文章
2025-11-07 12:05:05,690 - INFO - trump:549 - 开始定时调度，检查时间（北京时间）：['12:05', '22:00']
2025-11-07 12:05:05,690 - INFO - trump:514 - 开始执行定时检查（2025-11-07 12:05:05 北京时间）
2025-11-07 12:05:05,690 - INFO - trump:523 - 时间窗口（北京时间）：2025-11-07 00:05 至 2025-11-07 12:05
2025-11-07 12:05:09,091 - WARNING - connectionpool:868 - Retrying (Retry(total=2, connect=None, read=None, redirect=None, status=None)) after connection broken by 'ConnectionResetError(54, 'Connection reset by peer')': /feed
2025-11-07 12:05:26,095 - WARNING - connectionpool:868 - Retrying (Retry(total=1, connect=None, read=None, redirect=None, status=None)) after connection broken by 'ReadTimeoutError("HTTPSConnectionPool(host='trumpstruth.org', port=443): Read timed out. (read timeout=15)")': /feed
2025-11-07 12:05:26,816 - INFO - trump:245 - 成功提取93篇有效文章（已过滤短内容）
2025-11-07 12:05:26,817 - INFO - trump:470 - 开始处理汇总批次（共4篇文章）...
2025-11-07 12:05:26,817 - INFO - trump:347 - 正在翻译第1/4篇文章...
2025-11-07 12:05:43,309 - INFO - trump:347 - 正在翻译第2/4篇文章...
2025-11-07 12:05:58,771 - INFO - trump:347 - 正在翻译第3/4篇文章...
2025-11-07 12:06:14,438 - INFO - trump:347 - 正在翻译第4/4篇文章...
2025-11-07 12:06:44,589 - INFO - trump:457 - 汇总分析邮件发送成功！收件人：aaroncheungzy@icloud.com, zhangyang963@pingan.com.cn
2025-11-07 12:06:44,589 - INFO - trump:545 - 本次定时检查完成
2025-11-07 12:07:44,778 - INFO - trump:123 - 初始化完成 - 每日检查时间（北京时间）：['10:00', '22:00']
2025-11-07 12:07:44,778 - INFO - trump:124 - 每次检查处理过去12小时内的新文章
2025-11-07 12:07:44,778 - INFO - trump:549 - 开始定时调度，检查时间（北京时间）：['10:00', '22:00']
2025-11-07 22:00:23,780 - INFO - trump:514 - 开始执行定时检查（2025-11-07 22:00:23 北京时间）
2025-11-07 22:00:23,782 - INFO - trump:523 - 时间窗口（北京时间）：2025-11-07 10:00 至 2025-11-07 22:00
2025-11-07 22:00:24,628 - INFO - trump:245 - 成功提取92篇有效文章（已过滤短内容）
2025-11-07 22:00:24,628 - INFO - trump:470 - 开始处理汇总批次（共2篇文章）...
2025-11-07 22:00:24,628 - INFO - trump:347 - 正在翻译第1/2篇文章...
2025-11-07 22:00:33,978 - INFO - trump:347 - 正在翻译第2/2篇文章...
2025-11-07 22:01:07,116 - INFO - trump:457 - 汇总分析邮件发送成功！收件人：aaroncheungzy@icloud.com, zhangyang963@pingan.com.cn
2025-11-07 22:01:07,118 - INFO - trump:545 - 本次定时检查完成
2025-11-08 10:00:17,009 - INFO - trump:514 - 开始执行定时检查（2025-11-08 10:00:17 北京时间）
2025-11-08 10:00:17,010 - INFO - trump:523 - 时间窗口（北京时间）：2025-11-07 22:00 至 2025-11-08 10:00
2025-11-08 10:00:17,506 - INFO - trump:245 - 成功提取91篇有效文章（已过滤短内容）
2025-11-08 10:00:17,507 - INFO - trump:470 - 开始处理汇总批次（共13篇文章）...
2025-11-08 10:00:17,507 - INFO - trump:347 - 正在翻译第1/13篇文章...
2025-11-08 10:00:31,975 - INFO - trump:347 - 正在翻译第2/13篇文章...
2025-11-08 10:00:45,570 - INFO - trump:347 - 正在翻译第3/13篇文章...
2025-11-08 10:00:58,194 - INFO - trump:347 - 正在翻译第4/13篇文章...
2025-11-08 10:01:06,382 - INFO - trump:347 - 正在翻译第5/13篇文章...
2025-11-08 10:01:15,291 - INFO - trump:347 - 正在翻译第6/13篇文章...
2025-11-08 10:01:33,314 - INFO - trump:347 - 正在翻译第7/13篇文章...
2025-11-08 10:01:45,413 - INFO - trump:347 - 正在翻译第8/13篇文章...
2025-11-08 10:01:49,269 - INFO - trump:347 - 正在翻译第9/13篇文章...
2025-11-08 10:01:58,761 - INFO - trump:347 - 正在翻译第10/13篇文章...
2025-11-08 10:02:07,618 - INFO - trump:347 - 正在翻译第11/13篇文章...
2025-11-08 10:02:20,521 - INFO - trump:347 - 正在翻译第12/13篇文章...
2025-11-08 10:02:25,436 - INFO - trump:347 - 正在翻译第13/13篇文章...
2025-11-08 10:03:02,279 - INFO - trump:457 - 汇总分析邮件发送成功！收件人：aaroncheungzy@icloud.com, zhangyang963@pingan.com.cn
2025-11-08 10:03:02,280 - INFO - trump:545 - 本次定时检查完成
2025-11-08 12:18:38,253 - INFO - trump:123 - 初始化完成 - 每日检查时间（北京时间）：['10:00', '22:00']
2025-11-08 12:18:38,253 - INFO - trump:124 - 每次检查处理过去12小时内的新文章
2025-11-08 12:18:38,253 - INFO - trump:556 - 开始定时调度，检查时间（北京时间）：['10:00', '22:00']
2025-11-08 12:22:20,035 - INFO - trump:123 - 初始化完成 - 每日检查时间（北京时间）：['10:00', '22:00']
2025-11-08 12:22:20,035 - INFO - trump:124 - 每次检查处理过去12小时内的新文章
2025-11-08 12:22:20,035 - INFO - trump:553 - 开始定时调度，检查时间（北京时间）：['10:00', '22:00']
2025-11-08 12:39:34,852 - INFO - trump:127 - 初始化完成 - 每日检查时间（北京时间）：['10:00', '22:00']
2025-11-08 12:39:34,852 - INFO - trump:128 - 每次检查处理过去12小时内的新文章
2025-11-08 12:39:34,852 - INFO - trump:129 - 优先使用模型: Doubao-Seed-1.6, 备用模型: deepseek-chat
2025-11-08 12:39:34,852 - INFO - trump:597 - 开始定时调度，检查时间（北京时间）：['10:00', '22:00']
2025-11-08 22:00:11,645 - INFO - trump:562 - 开始执行定时检查（2025-11-08 22:00:11 北京时间）
2025-11-08 22:00:11,648 - INFO - trump:571 - 时间窗口（北京时间）：2025-11-08 10:00 至 2025-11-08 22:00
2025-11-08 22:00:12,832 - INFO - trump:250 - 成功提取89篇有效文章（已过滤短内容）
2025-11-08 22:00:12,832 - INFO - trump:516 - 开始处理汇总批次（共2篇文章）...
2025-11-08 22:00:12,832 - INFO - trump:391 - 正在翻译第1/2篇文章...
2025-11-08 22:00:12,832 - INFO - trump:359 - 尝试调用优先模型: Doubao-Seed-1.6
2025-11-08 22:00:14,432 - WARNING - connectionpool:868 - Retrying (Retry(total=2, connect=None, read=None, redirect=None, status=None)) after connection broken by 'SSLEOFError(8, '[SSL: UNEXPECTED_EOF_WHILE_READING] EOF occurred in violation of protocol (_ssl.c:1028)')': /chat/completions
2025-11-08 22:00:17,566 - WARNING - connectionpool:868 - Retrying (Retry(total=1, connect=None, read=None, redirect=None, status=None)) after connection broken by 'SSLEOFError(8, '[SSL: UNEXPECTED_EOF_WHILE_READING] EOF occurred in violation of protocol (_ssl.c:1028)')': /chat/completions
2025-11-08 22:00:22,739 - WARNING - connectionpool:868 - Retrying (Retry(total=0, connect=None, read=None, redirect=None, status=None)) after connection broken by 'SSLEOFError(8, '[SSL: UNEXPECTED_EOF_WHILE_READING] EOF occurred in violation of protocol (_ssl.c:1028)')': /chat/completions
2025-11-08 22:00:23,854 - ERROR - trump:320 - Doubao API调用失败: HTTPSConnectionPool(host='api.doubao.com', port=443): Max retries exceeded with url: /chat/completions (Caused by SSLError(SSLEOFError(8, '[SSL: UNEXPECTED_EOF_WHILE_READING] EOF occurred in violation of protocol (_ssl.c:1028)')))
2025-11-08 22:00:23,854 - WARNING - trump:367 - 优先模型调用失败，切换到备用模型: HTTPSConnectionPool(host='api.doubao.com', port=443): Max retries exceeded with url: /chat/completions (Caused by SSLError(SSLEOFError(8, '[SSL: UNEXPECTED_EOF_WHILE_READING] EOF occurred in violation of protocol (_ssl.c:1028)')))
2025-11-08 22:00:23,854 - INFO - trump:370 - 尝试调用备用模型: deepseek-chat
2025-11-08 22:00:26,515 - INFO - trump:391 - 正在翻译第2/2篇文章...
2025-11-08 22:00:26,515 - INFO - trump:359 - 尝试调用优先模型: Doubao-Seed-1.6
2025-11-08 22:00:27,641 - WARNING - connectionpool:868 - Retrying (Retry(total=2, connect=None, read=None, redirect=None, status=None)) after connection broken by 'SSLEOFError(8, '[SSL: UNEXPECTED_EOF_WHILE_READING] EOF occurred in violation of protocol (_ssl.c:1028)')': /chat/completions
2025-11-08 22:00:30,776 - WARNING - connectionpool:868 - Retrying (Retry(total=1, connect=None, read=None, redirect=None, status=None)) after connection broken by 'SSLEOFError(8, '[SSL: UNEXPECTED_EOF_WHILE_READING] EOF occurred in violation of protocol (_ssl.c:1028)')': /chat/completions
2025-11-08 22:00:36,053 - WARNING - connectionpool:868 - Retrying (Retry(total=0, connect=None, read=None, redirect=None, status=None)) after connection broken by 'SSLEOFError(8, '[SSL: UNEXPECTED_EOF_WHILE_READING] EOF occurred in violation of protocol (_ssl.c:1028)')': /chat/completions
2025-11-08 22:00:37,330 - ERROR - trump:320 - Doubao API调用失败: HTTPSConnectionPool(host='api.doubao.com', port=443): Max retries exceeded with url: /chat/completions (Caused by SSLError(SSLEOFError(8, '[SSL: UNEXPECTED_EOF_WHILE_READING] EOF occurred in violation of protocol (_ssl.c:1028)')))
2025-11-08 22:00:37,331 - WARNING - trump:367 - 优先模型调用失败，切换到备用模型: HTTPSConnectionPool(host='api.doubao.com', port=443): Max retries exceeded with url: /chat/completions (Caused by SSLError(SSLEOFError(8, '[SSL: UNEXPECTED_EOF_WHILE_READING] EOF occurred in violation of protocol (_ssl.c:1028)')))
2025-11-08 22:00:37,331 - INFO - trump:370 - 尝试调用备用模型: deepseek-chat
2025-11-08 22:00:44,844 - INFO - trump:359 - 尝试调用优先模型: Doubao-Seed-1.6
2025-11-08 22:00:45,971 - WARNING - connectionpool:868 - Retrying (Retry(total=2, connect=None, read=None, redirect=None, status=None)) after connection broken by 'SSLEOFError(8, '[SSL: UNEXPECTED_EOF_WHILE_READING] EOF occurred in violation of protocol (_ssl.c:1028)')': /chat/completions
2025-11-08 22:00:49,099 - WARNING - connectionpool:868 - Retrying (Retry(total=1, connect=None, read=None, redirect=None, status=None)) after connection broken by 'SSLEOFError(8, '[SSL: UNEXPECTED_EOF_WHILE_READING] EOF occurred in violation of protocol (_ssl.c:1028)')': /chat/completions
2025-11-08 22:00:54,277 - WARNING - connectionpool:868 - Retrying (Retry(total=0, connect=None, read=None, redirect=None, status=None)) after connection broken by 'SSLEOFError(8, '[SSL: UNEXPECTED_EOF_WHILE_READING] EOF occurred in violation of protocol (_ssl.c:1028)')': /chat/completions
2025-11-08 22:00:55,494 - ERROR - trump:320 - Doubao API调用失败: HTTPSConnectionPool(host='api.doubao.com', port=443): Max retries exceeded with url: /chat/completions (Caused by SSLError(SSLEOFError(8, '[SSL: UNEXPECTED_EOF_WHILE_READING] EOF occurred in violation of protocol (_ssl.c:1028)')))
2025-11-08 22:00:55,494 - WARNING - trump:367 - 优先模型调用失败，切换到备用模型: HTTPSConnectionPool(host='api.doubao.com', port=443): Max retries exceeded with url: /chat/completions (Caused by SSLError(SSLEOFError(8, '[SSL: UNEXPECTED_EOF_WHILE_READING] EOF occurred in violation of protocol (_ssl.c:1028)')))
2025-11-08 22:00:55,494 - INFO - trump:370 - 尝试调用备用模型: deepseek-chat
2025-11-08 22:01:16,089 - INFO - trump:503 - 汇总分析邮件发送成功！收件人：aaroncheungzy@icloud.com, zhangyang963@pingan.com.cn
2025-11-08 22:01:16,089 - INFO - trump:593 - 本次定时检查完成
2025-11-08 22:39:05,006 - INFO - trump:127 - 初始化完成 - 每日检查时间（北京时间）：['10:00', '22:00']
2025-11-08 22:39:05,006 - INFO - trump:128 - 每次检查处理过去12小时内的新文章
2025-11-08 22:39:05,006 - INFO - trump:129 - 优先使用模型: doubao-seed-1.6, 备用模型: deepseek-chat
2025-11-08 22:39:05,006 - INFO - trump:596 - 开始定时调度，检查时间（北京时间）：['10:00', '22:00']
2025-11-08 22:42:54,165 - INFO - trump:127 - 初始化完成 - 每日检查时间（北京时间）：['10:00', '22:00']
2025-11-08 22:42:54,166 - INFO - trump:128 - 每次检查处理过去12小时内的新文章
2025-11-08 22:42:54,166 - INFO - trump:129 - 优先使用模型: doubao-seed-1.6, 备用模型: deepseek-chat
2025-11-08 22:42:54,166 - INFO - trump:596 - 开始定时调度，检查时间（北京时间）：['10:00', '22:00']
2025-11-09 10:00:04,127 - INFO - trump:561 - 开始执行定时检查（2025-11-09 10:00:04 北京时间）
2025-11-09 10:00:04,129 - INFO - trump:570 - 时间窗口（北京时间）：2025-11-08 22:00 至 2025-11-09 10:00
2025-11-09 10:00:04,660 - INFO - trump:250 - 成功提取86篇有效文章（已过滤短内容）
2025-11-09 10:00:04,660 - INFO - trump:515 - 开始处理汇总批次（共5篇文章）...
2025-11-09 10:00:04,660 - INFO - trump:391 - 正在翻译第1/5篇文章...
2025-11-09 10:00:04,660 - INFO - trump:359 - 尝试调用优先模型: doubao-seed-1.6
2025-11-09 10:00:04,835 - ERROR - trump:320 - Doubao API调用失败: 404 Client Error: Not Found for url: https://ark.cn-beijing.volces.com/api/v3/chat/completions
2025-11-09 10:00:04,835 - WARNING - trump:367 - 优先模型调用失败，切换到备用模型: 404 Client Error: Not Found for url: https://ark.cn-beijing.volces.com/api/v3/chat/completions
2025-11-09 10:00:04,835 - INFO - trump:370 - 尝试调用备用模型: deepseek-chat
2025-11-09 10:00:07,695 - INFO - trump:391 - 正在翻译第2/5篇文章...
2025-11-09 10:00:07,696 - INFO - trump:359 - 尝试调用优先模型: doubao-seed-1.6
2025-11-09 10:00:07,745 - ERROR - trump:320 - Doubao API调用失败: 404 Client Error: Not Found for url: https://ark.cn-beijing.volces.com/api/v3/chat/completions
2025-11-09 10:00:07,745 - WARNING - trump:367 - 优先模型调用失败，切换到备用模型: 404 Client Error: Not Found for url: https://ark.cn-beijing.volces.com/api/v3/chat/completions
2025-11-09 10:00:07,745 - INFO - trump:370 - 尝试调用备用模型: deepseek-chat
2025-11-09 10:00:11,731 - INFO - trump:391 - 正在翻译第3/5篇文章...
2025-11-09 10:00:11,731 - INFO - trump:359 - 尝试调用优先模型: doubao-seed-1.6
2025-11-09 10:00:11,780 - ERROR - trump:320 - Doubao API调用失败: 404 Client Error: Not Found for url: https://ark.cn-beijing.volces.com/api/v3/chat/completions
2025-11-09 10:00:11,781 - WARNING - trump:367 - 优先模型调用失败，切换到备用模型: 404 Client Error: Not Found for url: https://ark.cn-beijing.volces.com/api/v3/chat/completions
2025-11-09 10:00:11,781 - INFO - trump:370 - 尝试调用备用模型: deepseek-chat
2025-11-09 10:00:13,921 - INFO - trump:391 - 正在翻译第4/5篇文章...
2025-11-09 10:00:13,921 - INFO - trump:359 - 尝试调用优先模型: doubao-seed-1.6
2025-11-09 10:00:13,972 - ERROR - trump:320 - Doubao API调用失败: 404 Client Error: Not Found for url: https://ark.cn-beijing.volces.com/api/v3/chat/completions
2025-11-09 10:00:13,973 - WARNING - trump:367 - 优先模型调用失败，切换到备用模型: 404 Client Error: Not Found for url: https://ark.cn-beijing.volces.com/api/v3/chat/completions
2025-11-09 10:00:13,973 - INFO - trump:370 - 尝试调用备用模型: deepseek-chat
2025-11-09 10:00:18,043 - INFO - trump:391 - 正在翻译第5/5篇文章...
2025-11-09 10:00:18,043 - INFO - trump:359 - 尝试调用优先模型: doubao-seed-1.6
2025-11-09 10:00:18,092 - ERROR - trump:320 - Doubao API调用失败: 404 Client Error: Not Found for url: https://ark.cn-beijing.volces.com/api/v3/chat/completions
2025-11-09 10:00:18,092 - WARNING - trump:367 - 优先模型调用失败，切换到备用模型: 404 Client Error: Not Found for url: https://ark.cn-beijing.volces.com/api/v3/chat/completions
2025-11-09 10:00:18,092 - INFO - trump:370 - 尝试调用备用模型: deepseek-chat
2025-11-09 10:00:22,745 - INFO - trump:359 - 尝试调用优先模型: doubao-seed-1.6
2025-11-09 10:00:22,796 - ERROR - trump:320 - Doubao API调用失败: 404 Client Error: Not Found for url: https://ark.cn-beijing.volces.com/api/v3/chat/completions
2025-11-09 10:00:22,796 - WARNING - trump:367 - 优先模型调用失败，切换到备用模型: 404 Client Error: Not Found for url: https://ark.cn-beijing.volces.com/api/v3/chat/completions
2025-11-09 10:00:22,796 - INFO - trump:370 - 尝试调用备用模型: deepseek-chat
2025-11-09 10:00:36,833 - INFO - trump:502 - 汇总分析邮件发送成功！收件人：aaroncheungzy@icloud.com, zhangyang963@pingan.com.cn
2025-11-09 10:00:36,834 - INFO - trump:592 - 本次定时检查完成
2025-11-09 11:02:44,814 - INFO - trump:128 - 初始化完成 - 每日检查时间（北京时间）：['10:00', '22:00']
2025-11-09 11:02:44,814 - INFO - trump:129 - 每次检查处理过去12小时内的新文章
2025-11-09 11:02:44,814 - INFO - trump:130 - 优先使用模型: gpt-5, 备用模型: deepseek-chat
2025-11-09 11:02:44,814 - INFO - trump:599 - 开始定时调度，检查时间（北京时间）：['10:00', '22:00']
2025-11-09 11:12:37,135 - INFO - trump:377 - 
===== 开始模型连通性测试 =====
2025-11-09 11:12:37,135 - INFO - trump:382 - 测试 OpenAI 模型: gpt-4o
2025-11-09 11:12:38,742 - INFO - _client:1025 - HTTP Request: POST https://api.openai.com/v1/chat/completions "HTTP/1.1 429 Too Many Requests"
2025-11-09 11:12:38,743 - INFO - _base_client:1092 - Retrying request to /chat/completions in 0.403439 seconds
2025-11-09 11:12:40,236 - INFO - _client:1025 - HTTP Request: POST https://api.openai.com/v1/chat/completions "HTTP/1.1 429 Too Many Requests"
2025-11-09 11:12:40,237 - INFO - _base_client:1092 - Retrying request to /chat/completions in 0.784529 seconds
2025-11-09 11:12:41,391 - INFO - _client:1025 - HTTP Request: POST https://api.openai.com/v1/chat/completions "HTTP/1.1 429 Too Many Requests"
2025-11-09 11:12:41,395 - ERROR - trump:394 - ❌ OpenAI 调用失败 (API错误): Error code: 429 - {'error': {'message': 'You exceeded your current quota, please check your plan and billing details. For more information on this error, read the docs: https://platform.openai.com/docs/guides/error-codes/api-errors.', 'type': 'insufficient_quota', 'param': None, 'code': 'insufficient_quota'}}
2025-11-09 11:12:41,395 - INFO - trump:401 - 测试 DeepSeek 模型: deepseek-chat
2025-11-09 11:12:42,627 - INFO - trump:421 - ✅ DeepSeek 模型调用成功
2025-11-09 11:12:42,627 - WARNING - trump:433 - ===== 仅优先模型测试失败，备用模型可用 =====
2025-11-09 11:12:42,627 - INFO - trump:135 - 初始化完成 - 每日检查时间（北京时间）：['10:00', '22:00']
2025-11-09 11:12:42,627 - INFO - trump:136 - 每次检查处理过去12小时内的新文章
2025-11-09 11:12:42,627 - INFO - trump:137 - 优先使用模型: gpt-4o, 备用模型: deepseek-chat
2025-11-09 11:12:42,627 - INFO - trump:641 - 开始定时调度，检查时间（北京时间）：['10:00', '22:00']
2025-11-09 11:13:39,363 - INFO - trump:377 - 
===== 开始模型连通性测试 =====
2025-11-09 11:13:39,363 - INFO - trump:382 - 测试 OpenAI 模型: gpt-5
2025-11-09 11:13:39,998 - INFO - _client:1025 - HTTP Request: POST https://api.openai.com/v1/chat/completions "HTTP/1.1 429 Too Many Requests"
2025-11-09 11:13:39,999 - INFO - _base_client:1092 - Retrying request to /chat/completions in 0.495757 seconds
2025-11-09 11:13:41,521 - INFO - _client:1025 - HTTP Request: POST https://api.openai.com/v1/chat/completions "HTTP/1.1 429 Too Many Requests"
2025-11-09 11:13:41,522 - INFO - _base_client:1092 - Retrying request to /chat/completions in 0.937115 seconds
2025-11-09 11:13:42,861 - INFO - _client:1025 - HTTP Request: POST https://api.openai.com/v1/chat/completions "HTTP/1.1 429 Too Many Requests"
2025-11-09 11:13:42,862 - ERROR - trump:394 - ❌ OpenAI 调用失败 (API错误): Error code: 429 - {'error': {'message': 'You exceeded your current quota, please check your plan and billing details. For more information on this error, read the docs: https://platform.openai.com/docs/guides/error-codes/api-errors.', 'type': 'insufficient_quota', 'param': None, 'code': 'insufficient_quota'}}
2025-11-09 11:13:42,862 - INFO - trump:401 - 测试 DeepSeek 模型: deepseek-chat
2025-11-09 11:13:43,765 - INFO - trump:421 - ✅ DeepSeek 模型调用成功
2025-11-09 11:13:43,766 - WARNING - trump:433 - ===== 仅优先模型测试失败，备用模型可用 =====
2025-11-09 11:13:43,766 - INFO - trump:135 - 初始化完成 - 每日检查时间（北京时间）：['10:00', '22:00']
2025-11-09 11:13:43,766 - INFO - trump:136 - 每次检查处理过去12小时内的新文章
2025-11-09 11:13:43,766 - INFO - trump:137 - 优先使用模型: gpt-5, 备用模型: deepseek-chat
2025-11-09 11:13:43,766 - INFO - trump:641 - 开始定时调度，检查时间（北京时间）：['10:00', '22:00']
2025-11-09 11:35:26,517 - INFO - trump:376 - 
===== 开始模型连通性测试 =====
2025-11-09 11:35:26,517 - INFO - trump:381 - 测试 豆包 模型: doubao-1-5-pro-32k-250115
2025-11-09 11:35:27,822 - INFO - _client:1025 - HTTP Request: POST https://ark.cn-beijing.volces.com/api/v3/chat/completions "HTTP/1.1 200 OK"
2025-11-09 11:35:27,828 - INFO - trump:389 - ✅ 豆包 模型调用成功
2025-11-09 11:35:27,828 - INFO - trump:398 - 测试 DeepSeek 模型: deepseek-chat
2025-11-09 11:35:28,772 - INFO - trump:418 - ✅ DeepSeek 模型调用成功
2025-11-09 11:35:28,772 - INFO - trump:426 - ===== 所有模型测试通过 =====
2025-11-09 11:35:28,772 - INFO - trump:135 - 初始化完成 - 每日检查时间（北京时间）：['10:00', '22:00']
2025-11-09 11:35:28,773 - INFO - trump:136 - 每次检查处理过去12小时内的新文章
2025-11-09 11:35:28,773 - INFO - trump:137 - 优先使用模型: doubao-1-5-pro-32k-250115, 备用模型: deepseek-chat
2025-11-09 11:35:28,773 - INFO - trump:638 - 开始定时调度，检查时间（北京时间）：['10:00', '22:00']
2025-11-09 22:00:09,373 - INFO - trump:604 - 开始执行定时检查（2025-11-09 22:00:09 北京时间）
2025-11-09 22:00:09,376 - INFO - trump:612 - 时间窗口（北京时间）：2025-11-09 10:00 至 2025-11-09 22:00
2025-11-09 22:00:09,856 - INFO - trump:260 - 成功提取84篇有效文章（已过滤短内容）
2025-11-09 22:00:09,857 - INFO - trump:561 - 开始处理汇总批次（共5篇文章）...
2025-11-09 22:00:09,857 - INFO - trump:444 - 正在翻译第1/5篇文章...
2025-11-09 22:00:09,857 - INFO - trump:354 - 尝试调用优先模型: doubao-1-5-pro-32k-250115
2025-11-09 22:00:13,984 - INFO - _client:1025 - HTTP Request: POST https://ark.cn-beijing.volces.com/api/v3/chat/completions "HTTP/1.1 200 OK"
2025-11-09 22:00:13,988 - INFO - trump:444 - 正在翻译第2/5篇文章...
2025-11-09 22:00:13,988 - INFO - trump:354 - 尝试调用优先模型: doubao-1-5-pro-32k-250115
2025-11-09 22:00:15,621 - INFO - _client:1025 - HTTP Request: POST https://ark.cn-beijing.volces.com/api/v3/chat/completions "HTTP/1.1 200 OK"
2025-11-09 22:00:15,623 - INFO - trump:444 - 正在翻译第3/5篇文章...
2025-11-09 22:00:15,623 - INFO - trump:354 - 尝试调用优先模型: doubao-1-5-pro-32k-250115
2025-11-09 22:00:18,277 - INFO - _client:1025 - HTTP Request: POST https://ark.cn-beijing.volces.com/api/v3/chat/completions "HTTP/1.1 200 OK"
2025-11-09 22:00:18,279 - INFO - trump:444 - 正在翻译第4/5篇文章...
2025-11-09 22:00:18,279 - INFO - trump:354 - 尝试调用优先模型: doubao-1-5-pro-32k-250115
2025-11-09 22:00:19,545 - INFO - _client:1025 - HTTP Request: POST https://ark.cn-beijing.volces.com/api/v3/chat/completions "HTTP/1.1 200 OK"
2025-11-09 22:00:19,547 - INFO - trump:444 - 正在翻译第5/5篇文章...
2025-11-09 22:00:19,547 - INFO - trump:354 - 尝试调用优先模型: doubao-1-5-pro-32k-250115
2025-11-09 22:00:21,762 - INFO - _client:1025 - HTTP Request: POST https://ark.cn-beijing.volces.com/api/v3/chat/completions "HTTP/1.1 200 OK"
2025-11-09 22:00:21,764 - INFO - trump:354 - 尝试调用优先模型: doubao-1-5-pro-32k-250115
2025-11-09 22:00:26,789 - INFO - _client:1025 - HTTP Request: POST https://ark.cn-beijing.volces.com/api/v3/chat/completions "HTTP/1.1 200 OK"
2025-11-09 22:00:30,846 - INFO - trump:548 - 汇总分析邮件发送成功！收件人：aaroncheungzy@icloud.com, zhangyang963@pingan.com.cn
2025-11-09 22:00:30,846 - INFO - trump:634 - 本次定时检查完成
2025-11-10 10:00:08,591 - INFO - trump:604 - 开始执行定时检查（2025-11-10 10:00:08 北京时间）
2025-11-10 10:00:08,593 - INFO - trump:612 - 时间窗口（北京时间）：2025-11-09 22:00 至 2025-11-10 10:00
2025-11-10 10:00:08,625 - WARNING - connectionpool:868 - Retrying (Retry(total=2, connect=None, read=None, redirect=None, status=None)) after connection broken by 'SSLEOFError(8, '[SSL: UNEXPECTED_EOF_WHILE_READING] EOF occurred in violation of protocol (_ssl.c:1028)')': /feed
2025-11-10 10:00:10,653 - WARNING - connectionpool:868 - Retrying (Retry(total=1, connect=None, read=None, redirect=None, status=None)) after connection broken by 'SSLEOFError(8, '[SSL: UNEXPECTED_EOF_WHILE_READING] EOF occurred in violation of protocol (_ssl.c:1028)')': /feed
2025-11-10 10:00:14,692 - WARNING - connectionpool:868 - Retrying (Retry(total=0, connect=None, read=None, redirect=None, status=None)) after connection broken by 'SSLEOFError(8, '[SSL: UNEXPECTED_EOF_WHILE_READING] EOF occurred in violation of protocol (_ssl.c:1028)')': /feed
2025-11-10 10:00:14,707 - ERROR - trump:201 - 获取网页失败: HTTPSConnectionPool(host='trumpstruth.org', port=443): Max retries exceeded with url: /feed (Caused by SSLError(SSLEOFError(8, '[SSL: UNEXPECTED_EOF_WHILE_READING] EOF occurred in violation of protocol (_ssl.c:1028)')))
2025-11-10 10:00:14,707 - INFO - trump:617 - 未获取到网页内容，本次检查结束
2025-11-10 18:41:01,339 - INFO - trump:376 - 
===== 开始模型连通性测试 =====
2025-11-10 18:41:01,340 - INFO - trump:381 - 测试 豆包 模型: doubao-1-5-pro-32k-250115
2025-11-10 18:41:02,832 - INFO - _client:1025 - HTTP Request: POST https://ark.cn-beijing.volces.com/api/v3/chat/completions "HTTP/1.1 200 OK"
2025-11-10 18:41:02,837 - INFO - trump:389 - ✅ 豆包 模型调用成功
2025-11-10 18:41:02,837 - INFO - trump:398 - 测试 DeepSeek 模型: deepseek-chat
2025-11-10 18:41:04,189 - INFO - trump:418 - ✅ DeepSeek 模型调用成功
2025-11-10 18:41:04,189 - INFO - trump:426 - ===== 所有模型测试通过 =====
2025-11-10 18:41:04,189 - INFO - trump:135 - 初始化完成 - 每日检查时间（北京时间）：['18:41', '22:00']
2025-11-10 18:41:04,190 - INFO - trump:136 - 每次检查处理过去12小时内的新文章
2025-11-10 18:41:04,190 - INFO - trump:137 - 优先使用模型: doubao-1-5-pro-32k-250115, 备用模型: deepseek-chat
2025-11-10 18:41:04,190 - INFO - trump:638 - 开始定时调度，检查时间（北京时间）：['18:41', '22:00']
2025-11-10 18:41:04,190 - INFO - trump:604 - 开始执行定时检查（2025-11-10 18:41:04 北京时间）
2025-11-10 18:41:04,190 - INFO - trump:612 - 时间窗口（北京时间）：2025-11-10 06:41 至 2025-11-10 18:41
2025-11-10 18:41:04,623 - INFO - trump:260 - 成功提取80篇有效文章（已过滤短内容）
2025-11-10 18:41:04,623 - INFO - trump:561 - 开始处理汇总批次（共4篇文章）...
2025-11-10 18:41:04,623 - INFO - trump:444 - 正在翻译第1/4篇文章...
2025-11-10 18:41:04,623 - INFO - trump:354 - 尝试调用优先模型: doubao-1-5-pro-32k-250115
2025-11-10 18:41:06,876 - INFO - _client:1025 - HTTP Request: POST https://ark.cn-beijing.volces.com/api/v3/chat/completions "HTTP/1.1 200 OK"
2025-11-10 18:41:06,877 - INFO - trump:444 - 正在翻译第2/4篇文章...
2025-11-10 18:41:06,877 - INFO - trump:354 - 尝试调用优先模型: doubao-1-5-pro-32k-250115
2025-11-10 18:41:09,312 - INFO - _client:1025 - HTTP Request: POST https://ark.cn-beijing.volces.com/api/v3/chat/completions "HTTP/1.1 200 OK"
2025-11-10 18:41:09,314 - INFO - trump:444 - 正在翻译第3/4篇文章...
2025-11-10 18:41:09,314 - INFO - trump:354 - 尝试调用优先模型: doubao-1-5-pro-32k-250115
2025-11-10 18:41:16,437 - INFO - _client:1025 - HTTP Request: POST https://ark.cn-beijing.volces.com/api/v3/chat/completions "HTTP/1.1 200 OK"
2025-11-10 18:41:16,439 - INFO - trump:444 - 正在翻译第4/4篇文章...
2025-11-10 18:41:16,440 - INFO - trump:354 - 尝试调用优先模型: doubao-1-5-pro-32k-250115
2025-11-10 18:41:23,968 - INFO - _client:1025 - HTTP Request: POST https://ark.cn-beijing.volces.com/api/v3/chat/completions "HTTP/1.1 200 OK"
2025-11-10 18:41:23,970 - INFO - trump:354 - 尝试调用优先模型: doubao-1-5-pro-32k-250115
2025-11-10 18:41:29,479 - INFO - _client:1025 - HTTP Request: POST https://ark.cn-beijing.volces.com/api/v3/chat/completions "HTTP/1.1 200 OK"
2025-11-10 18:41:34,571 - INFO - trump:548 - 汇总分析邮件发送成功！收件人：aaroncheungzy@icloud.com, zhangyang963@pingan.com.cn
2025-11-10 18:41:34,572 - INFO - trump:634 - 本次定时检查完成
2025-11-10 18:42:00,545 - INFO - trump:376 - 
===== 开始模型连通性测试 =====
2025-11-10 18:42:00,546 - INFO - trump:381 - 测试 豆包 模型: doubao-1-5-pro-32k-250115
2025-11-10 18:42:01,987 - INFO - _client:1025 - HTTP Request: POST https://ark.cn-beijing.volces.com/api/v3/chat/completions "HTTP/1.1 200 OK"
2025-11-10 18:42:01,990 - INFO - trump:389 - ✅ 豆包 模型调用成功
2025-11-10 18:42:01,990 - INFO - trump:398 - 测试 DeepSeek 模型: deepseek-chat
2025-11-10 18:42:02,969 - INFO - trump:418 - ✅ DeepSeek 模型调用成功
2025-11-10 18:42:02,969 - INFO - trump:426 - ===== 所有模型测试通过 =====
2025-11-10 18:42:02,969 - INFO - trump:135 - 初始化完成 - 每日检查时间（北京时间）：['10:00', '22:00']
2025-11-10 18:42:02,969 - INFO - trump:136 - 每次检查处理过去12小时内的新文章
2025-11-10 18:42:02,969 - INFO - trump:137 - 优先使用模型: doubao-1-5-pro-32k-250115, 备用模型: deepseek-chat
2025-11-10 18:42:02,969 - INFO - trump:638 - 开始定时调度，检查时间（北京时间）：['10:00', '22:00']
2025-11-10 21:51:22,569 - INFO - trump:372 - 
===== 开始模型连通性测试 =====
2025-11-10 21:51:22,569 - INFO - trump:377 - 测试 豆包 模型: doubao-1-5-pro-32k-250115
2025-11-10 21:51:23,450 - INFO - _client:1025 - HTTP Request: POST https://ark.cn-beijing.volces.com/api/v3/chat/completions "HTTP/1.1 200 OK"
2025-11-10 21:51:23,453 - INFO - trump:385 - ✅ 豆包 模型调用成功
2025-11-10 21:51:23,453 - INFO - trump:394 - 测试 DeepSeek 模型: deepseek-chat
2025-11-10 21:51:24,591 - INFO - trump:414 - ✅ DeepSeek 模型调用成功
2025-11-10 21:51:24,591 - INFO - trump:422 - ===== 所有模型测试通过 =====
2025-11-10 21:51:24,591 - INFO - trump:135 - 初始化完成 - 每日检查时间（北京时间）：['10:00', '22:00']
2025-11-10 21:51:24,591 - INFO - trump:136 - 每次检查处理所有未处理过的新文章
2025-11-10 21:51:24,591 - INFO - trump:137 - 优先使用模型: doubao-1-5-pro-32k-250115, 备用模型: deepseek-chat
2025-11-10 21:51:24,591 - INFO - trump:626 - 开始定时调度，检查时间（北京时间）：['10:00', '22:00']
2025-11-10 21:53:20,571 - INFO - trump:372 - 
===== 开始模型连通性测试 =====
2025-11-10 21:53:20,571 - INFO - trump:377 - 测试 豆包 模型: doubao-seed-1.6
2025-11-10 21:53:20,713 - INFO - _client:1025 - HTTP Request: POST https://ark.cn-beijing.volces.com/api/v3/chat/completions "HTTP/1.1 404 Not Found"
2025-11-10 21:53:20,713 - ERROR - trump:389 - ❌ 豆包 调用失败: Error code: 404 - {'error': {'code': 'InvalidEndpointOrModel.NotFound', 'message': 'The model or endpoint doubao-seed-1.6 does not exist or you do not have access to it. Request id: 0217627828007035b683ea6c70a7e1d7277ef2ab8257e0f5bce63', 'param': '', 'type': 'Not Found'}}, request_id: 20251110215320CmWLCnofri5y5g8YTQtE
2025-11-10 21:53:20,713 - INFO - trump:394 - 测试 DeepSeek 模型: deepseek-chat
2025-11-10 21:53:22,035 - INFO - trump:414 - ✅ DeepSeek 模型调用成功
2025-11-10 21:53:22,036 - WARNING - trump:426 - ===== 仅优先模型测试失败，备用模型可用 =====
2025-11-10 21:53:22,036 - INFO - trump:135 - 初始化完成 - 每日检查时间（北京时间）：['10:00', '22:00']
2025-11-10 21:53:22,036 - INFO - trump:136 - 每次检查处理所有未处理过的新文章
2025-11-10 21:53:22,036 - INFO - trump:137 - 优先使用模型: doubao-seed-1.6, 备用模型: deepseek-chat
2025-11-10 21:53:22,036 - INFO - trump:626 - 开始定时调度，检查时间（北京时间）：['10:00', '22:00']
2025-11-10 21:55:33,159 - INFO - trump:372 - 
===== 开始模型连通性测试 =====
2025-11-10 21:55:33,159 - INFO - trump:377 - 测试 豆包 模型: doubao-1-5-pro-32k-250115
2025-11-10 21:55:33,912 - INFO - _client:1025 - HTTP Request: POST https://ark.cn-beijing.volces.com/api/v3/chat/completions "HTTP/1.1 200 OK"
2025-11-10 21:55:33,915 - INFO - trump:385 - ✅ 豆包 模型调用成功
2025-11-10 21:55:33,916 - INFO - trump:394 - 测试 DeepSeek 模型: deepseek-chat
2025-11-10 21:55:34,961 - INFO - trump:414 - ✅ DeepSeek 模型调用成功
2025-11-10 21:55:34,962 - INFO - trump:422 - ===== 所有模型测试通过 =====
2025-11-10 21:55:34,962 - INFO - trump:135 - 初始化完成 - 每日检查时间（北京时间）：['10:00', '22:00']
2025-11-10 21:55:34,962 - INFO - trump:136 - 每次检查处理所有未处理过的新文章
2025-11-10 21:55:34,962 - INFO - trump:137 - 优先使用模型: doubao-1-5-pro-32k-250115, 备用模型: deepseek-chat
2025-11-10 21:55:34,962 - INFO - trump:626 - 开始定时调度，检查时间（北京时间）：['10:00', '22:00']
2025-11-10 21:57:54,816 - INFO - trump:372 - 
===== 开始模型连通性测试 =====
2025-11-10 21:57:54,816 - INFO - trump:377 - 测试 豆包 模型: doubao-seed-1.6
2025-11-10 21:57:54,966 - INFO - _client:1025 - HTTP Request: POST https://ark.cn-beijing.volces.com/api/v3/chat/completions "HTTP/1.1 404 Not Found"
2025-11-10 21:57:54,967 - ERROR - trump:389 - ❌ 豆包 调用失败: Error code: 404 - {'error': {'code': 'InvalidEndpointOrModel.NotFound', 'message': 'The model or endpoint doubao-seed-1.6 does not exist or you do not have access to it. Request id: 0217627830749498e1b4fc9c17825231010a8d4db5ede19b54a7a', 'param': '', 'type': 'Not Found'}}, request_id: 202511102157548qdQGVD30HbfAc8vYiza
2025-11-10 21:57:54,967 - INFO - trump:394 - 测试 DeepSeek 模型: deepseek-chat
2025-11-10 21:57:55,940 - INFO - trump:414 - ✅ DeepSeek 模型调用成功
2025-11-10 21:57:55,940 - WARNING - trump:426 - ===== 仅优先模型测试失败，备用模型可用 =====
2025-11-10 21:57:55,940 - INFO - trump:135 - 初始化完成 - 每日检查时间（北京时间）：['10:00', '22:00']
2025-11-10 21:57:55,940 - INFO - trump:136 - 每次检查处理所有未处理过的新文章
2025-11-10 21:57:55,940 - INFO - trump:137 - 优先使用模型: doubao-seed-1.6, 备用模型: deepseek-chat
2025-11-10 21:57:55,940 - INFO - trump:626 - 开始定时调度，检查时间（北京时间）：['10:00', '22:00']
2025-11-10 21:58:35,737 - INFO - trump:372 - 
===== 开始模型连通性测试 =====
2025-11-10 21:58:35,737 - INFO - trump:377 - 测试 豆包 模型: doubao-seed-1-6-251015
2025-11-10 21:58:37,701 - INFO - _client:1025 - HTTP Request: POST https://ark.cn-beijing.volces.com/api/v3/chat/completions "HTTP/1.1 200 OK"
2025-11-10 21:58:37,705 - INFO - trump:385 - ✅ 豆包 模型调用成功
2025-11-10 21:58:37,705 - INFO - trump:394 - 测试 DeepSeek 模型: deepseek-chat
2025-11-10 21:58:38,908 - INFO - trump:414 - ✅ DeepSeek 模型调用成功
2025-11-10 21:58:38,908 - INFO - trump:422 - ===== 所有模型测试通过 =====
2025-11-10 21:58:38,908 - INFO - trump:135 - 初始化完成 - 每日检查时间（北京时间）：['10:00', '22:00']
2025-11-10 21:58:38,908 - INFO - trump:136 - 每次检查处理所有未处理过的新文章
2025-11-10 21:58:38,908 - INFO - trump:137 - 优先使用模型: doubao-seed-1-6-251015, 备用模型: deepseek-chat
2025-11-10 21:58:38,909 - INFO - trump:626 - 开始定时调度，检查时间（北京时间）：['10:00', '22:00']
2025-11-10 22:00:08,927 - INFO - trump:600 - 开始执行定时检查（2025-11-10 22:00:08 北京时间）
2025-11-10 22:00:09,376 - INFO - trump:261 - 成功提取78篇有效文章（已过滤短内容）
2025-11-10 22:00:09,378 - INFO - trump:557 - 开始处理汇总批次（共24篇文章）...
2025-11-10 22:00:09,378 - INFO - trump:440 - 正在翻译第1/24篇文章...
2025-11-10 22:00:09,378 - INFO - trump:350 - 尝试调用优先模型: doubao-seed-1-6-251015
2025-11-10 22:00:20,932 - INFO - _client:1025 - HTTP Request: POST https://ark.cn-beijing.volces.com/api/v3/chat/completions "HTTP/1.1 200 OK"
2025-11-10 22:00:20,934 - INFO - trump:440 - 正在翻译第2/24篇文章...
2025-11-10 22:00:20,934 - INFO - trump:350 - 尝试调用优先模型: doubao-seed-1-6-251015
2025-11-10 22:00:46,278 - INFO - _client:1025 - HTTP Request: POST https://ark.cn-beijing.volces.com/api/v3/chat/completions "HTTP/1.1 200 OK"
2025-11-10 22:00:46,280 - INFO - trump:440 - 正在翻译第3/24篇文章...
2025-11-10 22:00:46,280 - INFO - trump:350 - 尝试调用优先模型: doubao-seed-1-6-251015
2025-11-10 22:01:09,121 - INFO - _client:1025 - HTTP Request: POST https://ark.cn-beijing.volces.com/api/v3/chat/completions "HTTP/1.1 200 OK"
2025-11-10 22:01:09,123 - INFO - trump:440 - 正在翻译第4/24篇文章...
2025-11-10 22:01:09,124 - INFO - trump:350 - 尝试调用优先模型: doubao-seed-1-6-251015
2025-11-10 22:01:18,489 - INFO - _client:1025 - HTTP Request: POST https://ark.cn-beijing.volces.com/api/v3/chat/completions "HTTP/1.1 200 OK"
2025-11-10 22:01:18,491 - INFO - trump:440 - 正在翻译第5/24篇文章...
2025-11-10 22:01:18,492 - INFO - trump:350 - 尝试调用优先模型: doubao-seed-1-6-251015
2025-11-10 22:01:23,614 - INFO - _client:1025 - HTTP Request: POST https://ark.cn-beijing.volces.com/api/v3/chat/completions "HTTP/1.1 200 OK"
2025-11-10 22:01:23,616 - INFO - trump:440 - 正在翻译第6/24篇文章...
2025-11-10 22:01:23,616 - INFO - trump:350 - 尝试调用优先模型: doubao-seed-1-6-251015
2025-11-10 22:01:43,817 - INFO - _client:1025 - HTTP Request: POST https://ark.cn-beijing.volces.com/api/v3/chat/completions "HTTP/1.1 200 OK"
2025-11-10 22:01:43,819 - INFO - trump:440 - 正在翻译第7/24篇文章...
2025-11-10 22:01:43,819 - INFO - trump:350 - 尝试调用优先模型: doubao-seed-1-6-251015
2025-11-10 22:02:19,996 - INFO - _client:1025 - HTTP Request: POST https://ark.cn-beijing.volces.com/api/v3/chat/completions "HTTP/1.1 200 OK"
2025-11-10 22:02:19,998 - INFO - trump:440 - 正在翻译第8/24篇文章...
2025-11-10 22:02:19,998 - INFO - trump:350 - 尝试调用优先模型: doubao-seed-1-6-251015
2025-11-10 22:02:46,810 - INFO - _client:1025 - HTTP Request: POST https://ark.cn-beijing.volces.com/api/v3/chat/completions "HTTP/1.1 200 OK"
2025-11-10 22:02:46,812 - INFO - trump:440 - 正在翻译第9/24篇文章...
2025-11-10 22:02:46,812 - INFO - trump:350 - 尝试调用优先模型: doubao-seed-1-6-251015
2025-11-10 22:03:34,204 - INFO - _client:1025 - HTTP Request: POST https://ark.cn-beijing.volces.com/api/v3/chat/completions "HTTP/1.1 200 OK"
2025-11-10 22:03:34,206 - INFO - trump:440 - 正在翻译第10/24篇文章...
2025-11-10 22:03:34,206 - INFO - trump:350 - 尝试调用优先模型: doubao-seed-1-6-251015
2025-11-10 22:04:34,213 - WARNING - trump:357 - 优先模型调用失败，切换到备用模型: 函数执行超时（超过60秒）
2025-11-10 22:04:34,214 - INFO - trump:359 - 尝试调用备用模型: deepseek-chat
2025-11-10 22:04:34,946 - INFO - _client:1025 - HTTP Request: POST https://ark.cn-beijing.volces.com/api/v3/chat/completions "HTTP/1.1 200 OK"
2025-11-10 22:04:41,587 - INFO - trump:440 - 正在翻译第11/24篇文章...
2025-11-10 22:04:41,588 - INFO - trump:350 - 尝试调用优先模型: doubao-seed-1-6-251015
2025-11-10 22:04:58,569 - INFO - _client:1025 - HTTP Request: POST https://ark.cn-beijing.volces.com/api/v3/chat/completions "HTTP/1.1 200 OK"
2025-11-10 22:04:58,571 - INFO - trump:440 - 正在翻译第12/24篇文章...
2025-11-10 22:04:58,571 - INFO - trump:350 - 尝试调用优先模型: doubao-seed-1-6-251015
2025-11-10 22:05:04,735 - INFO - _client:1025 - HTTP Request: POST https://ark.cn-beijing.volces.com/api/v3/chat/completions "HTTP/1.1 200 OK"
2025-11-10 22:05:04,736 - INFO - trump:440 - 正在翻译第13/24篇文章...
2025-11-10 22:05:04,736 - INFO - trump:350 - 尝试调用优先模型: doubao-seed-1-6-251015
2025-11-10 22:05:12,250 - INFO - _client:1025 - HTTP Request: POST https://ark.cn-beijing.volces.com/api/v3/chat/completions "HTTP/1.1 200 OK"
2025-11-10 22:05:12,251 - INFO - trump:440 - 正在翻译第14/24篇文章...
2025-11-10 22:05:12,251 - INFO - trump:350 - 尝试调用优先模型: doubao-seed-1-6-251015
2025-11-10 22:05:20,125 - INFO - _client:1025 - HTTP Request: POST https://ark.cn-beijing.volces.com/api/v3/chat/completions "HTTP/1.1 200 OK"
2025-11-10 22:05:20,126 - INFO - trump:440 - 正在翻译第15/24篇文章...
2025-11-10 22:05:20,126 - INFO - trump:350 - 尝试调用优先模型: doubao-seed-1-6-251015
2025-11-10 22:05:41,493 - INFO - _client:1025 - HTTP Request: POST https://ark.cn-beijing.volces.com/api/v3/chat/completions "HTTP/1.1 200 OK"
2025-11-10 22:05:41,496 - INFO - trump:440 - 正在翻译第16/24篇文章...
2025-11-10 22:05:41,496 - INFO - trump:350 - 尝试调用优先模型: doubao-seed-1-6-251015
2025-11-10 22:05:57,254 - INFO - _client:1025 - HTTP Request: POST https://ark.cn-beijing.volces.com/api/v3/chat/completions "HTTP/1.1 200 OK"
2025-11-10 22:05:57,257 - INFO - trump:440 - 正在翻译第17/24篇文章...
2025-11-10 22:05:57,257 - INFO - trump:350 - 尝试调用优先模型: doubao-seed-1-6-251015
2025-11-10 22:06:06,605 - INFO - _client:1025 - HTTP Request: POST https://ark.cn-beijing.volces.com/api/v3/chat/completions "HTTP/1.1 200 OK"
2025-11-10 22:06:06,607 - INFO - trump:440 - 正在翻译第18/24篇文章...
2025-11-10 22:06:06,607 - INFO - trump:350 - 尝试调用优先模型: doubao-seed-1-6-251015
2025-11-10 22:06:19,881 - INFO - _client:1025 - HTTP Request: POST https://ark.cn-beijing.volces.com/api/v3/chat/completions "HTTP/1.1 200 OK"
2025-11-10 22:06:19,883 - INFO - trump:440 - 正在翻译第19/24篇文章...
2025-11-10 22:06:19,883 - INFO - trump:350 - 尝试调用优先模型: doubao-seed-1-6-251015
2025-11-10 22:06:36,553 - INFO - _client:1025 - HTTP Request: POST https://ark.cn-beijing.volces.com/api/v3/chat/completions "HTTP/1.1 200 OK"
2025-11-10 22:06:36,554 - INFO - trump:440 - 正在翻译第20/24篇文章...
2025-11-10 22:06:36,554 - INFO - trump:350 - 尝试调用优先模型: doubao-seed-1-6-251015
2025-11-10 22:06:49,046 - INFO - _client:1025 - HTTP Request: POST https://ark.cn-beijing.volces.com/api/v3/chat/completions "HTTP/1.1 200 OK"
2025-11-10 22:06:49,048 - INFO - trump:440 - 正在翻译第21/24篇文章...
2025-11-10 22:06:49,048 - INFO - trump:350 - 尝试调用优先模型: doubao-seed-1-6-251015
2025-11-10 22:07:00,375 - INFO - _client:1025 - HTTP Request: POST https://ark.cn-beijing.volces.com/api/v3/chat/completions "HTTP/1.1 200 OK"
2025-11-10 22:07:00,377 - INFO - trump:440 - 正在翻译第22/24篇文章...
2025-11-10 22:07:00,377 - INFO - trump:350 - 尝试调用优先模型: doubao-seed-1-6-251015
2025-11-10 22:07:10,403 - INFO - _client:1025 - HTTP Request: POST https://ark.cn-beijing.volces.com/api/v3/chat/completions "HTTP/1.1 200 OK"
2025-11-10 22:07:10,405 - INFO - trump:440 - 正在翻译第23/24篇文章...
2025-11-10 22:07:10,405 - INFO - trump:350 - 尝试调用优先模型: doubao-seed-1-6-251015
2025-11-10 22:07:17,440 - INFO - _client:1025 - HTTP Request: POST https://ark.cn-beijing.volces.com/api/v3/chat/completions "HTTP/1.1 200 OK"
2025-11-10 22:07:17,442 - INFO - trump:440 - 正在翻译第24/24篇文章...
2025-11-10 22:07:17,442 - INFO - trump:350 - 尝试调用优先模型: doubao-seed-1-6-251015
2025-11-10 22:07:24,423 - INFO - _client:1025 - HTTP Request: POST https://ark.cn-beijing.volces.com/api/v3/chat/completions "HTTP/1.1 200 OK"
2025-11-10 22:07:24,425 - INFO - trump:350 - 尝试调用优先模型: doubao-seed-1-6-251015
2025-11-10 22:07:47,881 - INFO - _client:1025 - HTTP Request: POST https://ark.cn-beijing.volces.com/api/v3/chat/completions "HTTP/1.1 200 OK"
2025-11-10 22:07:53,644 - INFO - trump:544 - 汇总分析邮件发送成功！收件人：aaroncheungzy@icloud.com, zhangyang963@pingan.com.cn
2025-11-10 22:07:53,644 - INFO - trump:622 - 本次定时检查完成
2025-11-10 22:11:56,189 - INFO - trump:449 - 
===== 开始模型连通性测试 =====
2025-11-10 22:11:56,189 - INFO - trump:454 - 测试 豆包 模型: doubao-seed-1-6-251015
2025-11-10 22:12:35,789 - INFO - trump:449 - 
===== 开始模型连通性测试 =====
2025-11-10 22:12:35,789 - INFO - trump:454 - 测试 豆包 模型: doubao-seed-1-6-251015
2025-11-10 22:12:37,915 - INFO - _client:1025 - HTTP Request: POST https://ark.cn-beijing.volces.com/api/v3/chat/completions "HTTP/1.1 200 OK"
2025-11-10 22:12:37,919 - INFO - trump:462 - ✅ 豆包 模型调用成功
2025-11-10 22:12:37,919 - INFO - trump:471 - 测试 DeepSeek 模型: deepseek-chat
2025-11-10 22:12:39,181 - INFO - trump:491 - ✅ DeepSeek 模型调用成功
2025-11-10 22:12:39,181 - INFO - trump:499 - ===== 所有模型测试通过 =====
2025-11-10 22:12:39,181 - INFO - trump:140 - 初始化完成 - 每日检查时间（北京时间）：['10:00', '22:00']
2025-11-10 22:12:39,182 - INFO - trump:141 - 每次检查处理所有未处理过的新文章
2025-11-10 22:12:39,182 - INFO - trump:142 - 监控的金融资产: ['纳斯达克指数', '比特币', '以太币', 'SOL', 'XRP']
2025-11-10 22:12:39,182 - INFO - trump:143 - 优先使用模型: doubao-seed-1-6-251015, 备用模型: deepseek-chat
2025-11-10 22:12:39,182 - INFO - trump:781 - 开始定时调度，检查时间（北京时间）：['10:00', '22:00']
2025-11-10 22:13:55,146 - INFO - trump:449 - 
===== 开始模型连通性测试 =====
2025-11-10 22:13:55,146 - INFO - trump:454 - 测试 豆包 模型: doubao-seed-1-6-251015
2025-11-10 22:13:56,717 - INFO - _client:1025 - HTTP Request: POST https://ark.cn-beijing.volces.com/api/v3/chat/completions "HTTP/1.1 200 OK"
2025-11-10 22:13:56,719 - WARNING - trump:464 - ❌ 豆包 响应异常: 'OK'
2025-11-10 22:13:56,719 - INFO - trump:471 - 测试 DeepSeek 模型: deepseek-chat
2025-11-10 22:13:57,777 - INFO - trump:491 - ✅ DeepSeek 模型调用成功
2025-11-10 22:13:57,777 - WARNING - trump:503 - ===== 仅优先模型测试失败，备用模型可用 =====
2025-11-10 22:13:57,777 - INFO - trump:140 - 初始化完成 - 每日检查时间（北京时间）：['10:00', '22:00']
2025-11-10 22:13:57,777 - INFO - trump:141 - 每次检查处理所有未处理过的新文章
2025-11-10 22:13:57,778 - INFO - trump:142 - 监控的金融资产: ['纳斯达克指数', '比特币', '以太币', 'SOL', 'XRP']
2025-11-10 22:13:57,778 - INFO - trump:143 - 优先使用模型: doubao-seed-1-6-251015, 备用模型: deepseek-chat
2025-11-10 22:13:57,778 - INFO - trump:781 - 开始定时调度，检查时间（北京时间）：['10:00', '22:00']
2025-11-11 10:34:50,787 - INFO - trump:449 - 
===== 开始模型连通性测试 =====
2025-11-11 10:34:50,788 - INFO - trump:454 - 测试 豆包 模型: doubao-seed-1-6-251015
2025-11-11 10:34:52,809 - INFO - _client:1025 - HTTP Request: POST https://ark.cn-beijing.volces.com/api/v3/chat/completions "HTTP/1.1 200 OK"
2025-11-11 10:34:52,813 - INFO - trump:462 - ✅ 豆包 模型调用成功
2025-11-11 10:34:52,814 - INFO - trump:471 - 测试 DeepSeek 模型: deepseek-chat
2025-11-11 10:34:54,635 - INFO - trump:491 - ✅ DeepSeek 模型调用成功
2025-11-11 10:34:54,636 - INFO - trump:499 - ===== 所有模型测试通过 =====
2025-11-11 10:34:54,637 - INFO - trump:140 - 初始化完成 - 每日检查时间（北京时间）：['10:35', '22:00']
2025-11-11 10:34:54,638 - INFO - trump:141 - 每次检查处理所有未处理过的新文章
2025-11-11 10:34:54,644 - INFO - trump:142 - 监控的金融资产: ['纳斯达克指数', '比特币', '以太币', 'SOL', 'XRP']
2025-11-11 10:34:54,646 - INFO - trump:143 - 优先使用模型: doubao-seed-1-6-251015, 备用模型: deepseek-chat
2025-11-11 10:34:54,647 - INFO - trump:781 - 开始定时调度，检查时间（北京时间）：['10:35', '22:00']
2025-11-11 10:34:54,649 - INFO - trump:755 - 开始执行定时检查（2025-11-11 10:34:54 北京时间）
2025-11-11 10:34:56,865 - INFO - trump:267 - 成功提取77篇有效文章（已过滤短内容）
2025-11-11 10:34:56,869 - INFO - trump:306 - 获取纳斯达克指数(^IXIC)的金融数据...
2025-11-11 10:35:03,638 - INFO - trump:306 - 获取比特币(BTC-USD)的金融数据...
2025-11-11 10:35:04,132 - INFO - trump:306 - 获取以太币(ETH-USD)的金融数据...
2025-11-11 10:35:04,559 - INFO - trump:306 - 获取SOL(SOL-USD)的金融数据...
2025-11-11 10:35:05,143 - INFO - trump:306 - 获取XRP(XRP-USD)的金融数据...
2025-11-11 10:35:05,547 - INFO - trump:692 - 开始处理汇总批次（共7篇文章）...
2025-11-11 10:35:05,547 - INFO - trump:517 - 正在翻译第1/7篇文章...
2025-11-11 10:35:05,548 - INFO - trump:427 - 尝试调用优先模型: doubao-seed-1-6-251015
2025-11-11 10:35:18,355 - INFO - _client:1025 - HTTP Request: POST https://ark.cn-beijing.volces.com/api/v3/chat/completions "HTTP/1.1 200 OK"
2025-11-11 10:35:18,362 - INFO - trump:517 - 正在翻译第2/7篇文章...
2025-11-11 10:35:18,363 - INFO - trump:427 - 尝试调用优先模型: doubao-seed-1-6-251015
2025-11-11 10:35:34,276 - INFO - _client:1025 - HTTP Request: POST https://ark.cn-beijing.volces.com/api/v3/chat/completions "HTTP/1.1 200 OK"
2025-11-11 10:35:34,281 - INFO - trump:517 - 正在翻译第3/7篇文章...
2025-11-11 10:35:34,282 - INFO - trump:427 - 尝试调用优先模型: doubao-seed-1-6-251015
2025-11-11 10:35:56,600 - INFO - _client:1025 - HTTP Request: POST https://ark.cn-beijing.volces.com/api/v3/chat/completions "HTTP/1.1 200 OK"
2025-11-11 10:35:56,602 - INFO - trump:517 - 正在翻译第4/7篇文章...
2025-11-11 10:35:56,603 - INFO - trump:427 - 尝试调用优先模型: doubao-seed-1-6-251015
2025-11-11 10:36:23,799 - INFO - _client:1025 - HTTP Request: POST https://ark.cn-beijing.volces.com/api/v3/chat/completions "HTTP/1.1 200 OK"
2025-11-11 10:36:23,804 - INFO - trump:517 - 正在翻译第5/7篇文章...
2025-11-11 10:36:23,805 - INFO - trump:427 - 尝试调用优先模型: doubao-seed-1-6-251015
2025-11-11 10:36:43,434 - INFO - _client:1025 - HTTP Request: POST https://ark.cn-beijing.volces.com/api/v3/chat/completions "HTTP/1.1 200 OK"
2025-11-11 10:36:43,439 - INFO - trump:517 - 正在翻译第6/7篇文章...
2025-11-11 10:36:43,440 - INFO - trump:427 - 尝试调用优先模型: doubao-seed-1-6-251015
2025-11-11 10:37:08,842 - INFO - _client:1025 - HTTP Request: POST https://ark.cn-beijing.volces.com/api/v3/chat/completions "HTTP/1.1 200 OK"
2025-11-11 10:37:08,844 - INFO - trump:517 - 正在翻译第7/7篇文章...
2025-11-11 10:37:08,845 - INFO - trump:427 - 尝试调用优先模型: doubao-seed-1-6-251015
2025-11-11 10:37:33,252 - INFO - _client:1025 - HTTP Request: POST https://ark.cn-beijing.volces.com/api/v3/chat/completions "HTTP/1.1 200 OK"
2025-11-11 10:37:33,257 - INFO - trump:427 - 尝试调用优先模型: doubao-seed-1-6-251015
2025-11-11 10:38:01,321 - INFO - _client:1025 - HTTP Request: POST https://ark.cn-beijing.volces.com/api/v3/chat/completions "HTTP/1.1 200 OK"
2025-11-11 10:38:06,780 - INFO - trump:674 - 汇总分析邮件发送成功！收件人：aaroncheungzy@icloud.com, zhangyang963@pingan.com.cn
2025-11-11 10:38:06,781 - INFO - trump:777 - 本次定时检查完成
